config,question,answer,contexts,ground_truth,f1,bert_f1
Setup_Default,What is normal body temperature?,"Normal body temperature is 98.6°F (37°C). This temperature is maintained by the body's ""thermostat"" located in the hypothalamus, which balances heat produced by metabolism with heat lost to the environment. The temperature can vary slightly throughout the day, being lowest at 6 A.M. and highest around 4-6 P.M.","['average being 98.6°F (37°C). The body maintains stabili-\nty within this range by balancing the heat produced by the\nmetabolism with the heat lost to the environment. The\n“thermostat” that controls this process is located in the\nhypothalamus, a small structure located deep within the\nbrain. The nervous system constantly relays information\nabout the body’s temperature to the thermostat, which in\nturn activates different physical responses designed to\nGALE ENCYCLOPEDIA OF MEDICINE 2 1313\nFever', 'Description\nFever is a natural response of the body that helps in\nfighting off foreign substances, such as microorganisms,\ntoxins, etc. Body temperature is set by the thermoregula-\ntory center, located in an area in the brain called hypo-\nthalamus. Body temperature is not constant all day, but\nactually is lowest at 6 A.M. and highest around 4–6 P.M. In\naddition, temperature varies in different regions of the\nbody; for example, rectal and urine temperatures are']","Normal body temperature averages 37°C (98.6°F). It varies slightly with time of day, activity, and age, but remains tightly regulated by hypothalamic control.",0.22535211267605634,0.8293723464012146
Setup_Default,What is blood pressure?,Blood pressure refers to the measurement of the force of blood against the blood vessels. A blood pressure of 140 over 90 or above is considered high. The normal threshold is < 140/90 mm Hg. Elevated blood pressure is usually between 140/90 mm Hg.,"['20 Current Essentials of Medicine\n1 Hypertension\n■ Essentials of Diagnosis\n• In most patients (95% of cases), no cause can be found\n• Chronic elevation in blood pressure (> 140/90 mm Hg) occurs in\n23% of non-Hispanic white adults and 32% of non-Hispanic black\nadults in the United States; onset is usually between ages 20 and 55\n• The pathogenesis is multifactorial: Environmental, dietary,\ngenetic, and neurohormonal factors all contribute', 'other risk factors, the risk multiplies.\n• High blood pressure—High blood pressure makes the\nheart work harder and weakens it over time. It increases\nthe risk of heart attack, stroke, kidney failure, and con-\ngestive heart failure. A blood pressure of 140 over 90\nor above is considered high. As the numbers rise, high\nblood pressure goes from Stage 1 (mild) to Stage 4\n(very severe). In combination with obesity, smoking,\nGALE ENCYCLOPEDIA OF MEDICINE 2\n929\nCoronary artery disease']","Blood pressure is the force exerted by circulating blood on arterial walls, expressed as systolic over diastolic pressure, reflecting cardiac output and vascular resistance.",0.1764705882352941,0.7722035646438599
Setup_Default,What is hypertension?,"Hypertension is a chronic elevation in blood pressure, typically above 140/90 mm Hg. It occurs in a significant percentage of adults, with onset usually between ages 20 and 55. The cause is unknown in most patients (95% of cases). Its pathogenesis involves environmental, dietary, genetic, and neurohormonal factors.","['20 Current Essentials of Medicine\n1 Hypertension\n■ Essentials of Diagnosis\n• In most patients (95% of cases), no cause can be found\n• Chronic elevation in blood pressure (> 140/90 mm Hg) occurs in\n23% of non-Hispanic white adults and 32% of non-Hispanic black\nadults in the United States; onset is usually between ages 20 and 55\n• The pathogenesis is multifactorial: Environmental, dietary,\ngenetic, and neurohormonal factors all contribute', '340 Current Essentials of Medicine\n11\nHypertensive Nephrosclerosis\n■ Essentials of Diagnosis\n• Poorly controlled hypertension for more than 15 years; alterna-\ntively, severe, aggressive hypertension, especially in young blacks\n• With extreme blood pressure elevation, papilledema and\nencephalopathy may occur\n• Ultrasound reveals bilateral small, echogenic kidneys in advanced\ndisease\n• Proteinuria is usual\n• Biopsy can show thickened vessels and sclerotic glomeruli; malig-']","Hypertension is a chronic condition where blood pressure persistently exceeds 140/90 mmHg, increasing risk of heart disease, stroke, kidney damage, and other complications.",0.22535211267605634,0.8083810210227966
Setup_Default,What is hemoglobin?,"Hemoglobin is the oxygen-carrying pigment found in red blood cells. It is a large molecule made in the bone marrow from two components, heme and globin.","['Hemoglobin is the oxygen-carrying pigment found\nin red blood cells. It is a large molecule made in the bone\nmarrow from two components, heme and globin.\nDefects in hemoglobin production may be either\ngenetic or acquired. The genetic defects are further sub-\ndivided into errors of heme production (porphyria), and\nthose of globin production (known collectively as the\nhemoglobinopathies).\nThere are two categories of hemoglobinopathy. In\nthe first category, abnormal globin chains give rise to', 'Fetal hemoglobin (Hemoglobin F), Alkali-resistant\nhemoglobin, HBF (or Hb F), is the major hemoglobin\ncomponent in the bloodstream of the fetus. After birth, it\ndecreases rapidly until only traces are found in normal\nchildren and adults.\nPurpose\nThe determination of fetal hemoglobin is an aid in\nevaluating low concentrations of hemoglobin in the\nblood (anemia), as well as the hereditary persistence of\nfetal hemoglobin, and a group of inherited disorders']",Hemoglobin is an iron-containing protein in red blood cells responsible for transporting oxygen from lungs to tissues and returning carbon dioxide to lungs.,0.28571428571428575,0.8643122315406799
Setup_Default,What is anemia?,"Anemia is a condition with an abnormally low number of red blood cells in the bloodstream. Major symptoms include paleness, shortness of breath, fast or strong heart beats, and tiredness. It can be detected with a simple blood count.","['Anemia—A condition in which there is an abnor-\nmally low number of red blood cells in the blood-\nstream. Major symptoms are paleness, shortness of\nbreath, unusually fast or strong heart beats, and\ntiredness.\nAntibody —A protein molecule produced by the\nimmune system in response to a protein that is not\nrecognized as belonging in the body.\nAntigen —A protein that can elicit an immune\nresponse in the form of antibody formation. With\nregard to red blood cells, the major antigens are A,', 'of the many causes of anemia is destruction of red blood\ncells, a process called hemolysis (hemo means blood and\nlysis means disintegration). A simple blood count\ndetects anemia. Even the test done before a blood dona-\ntion can identify anemia. To detect hemolysis requires\nother tests. The Coombs’ tests are conducted in order to\ndetermine the cause of anemia.\nOne characteristic of hemolysis is the autoimmune\nresponse against the body’s red blood cells. Instead of']","Anemia is a condition characterized by reduced hemoglobin or red blood cells, leading to decreased oxygen delivery, causing fatigue, weakness, pallor, and shortness of breath.",0.3125,0.8576826453208923
Setup_Default,What is heart rate?,"The heart rate is the number of times electrical impulses occur in the heart per minute. In a normal heart, this rate is 60-100 times per minute. It can rise in response to movement. The rate can also be measured in terms of beats per minute (bpm).","['lowing the regular conduction pathway.\nThe heart is described as showing arrhythmia or dys-\nrhythmia when time intervals between waves, the order,\nor the number of waves do not fit this pattern. Other fea-\ntures that may be altered include the direction of wave\ndeflection and wave widths.\nIn the normal heart, electrical impulses—at a rate of\n60–100 times per minute—originate in the sinus node.\nThe sinus node is located in the first chamber, known as', 'rate rises when he/she moves).\nThe baby’s monitor strip is considered to be reactive\nwhen the baby’s heart rate rises at least 20 bpm above the\nbaseline heart rate for at least 20 seconds. This must\noccur at least twice in a 20-minute period. A reactive\nheart rate tracing (also known as a reactive non-stress\ntest) is considered a sign of the baby’s well being.\nAbnormal results\nIf the baby’s heart rate drops very low or rises very\nhigh, this signals a serious problem. In either of these']",Heart rate is the number of heartbeats per minute. Normal resting rate in adults ranges from 60 to 100 beats per minute.,0.34782608695652173,0.8599895238876343
Setup_Default,What is myocardial infarction?,"Myocardial infarction (MI) is classified as ST-segment elevation (Q wave) MI, non-ST-segment elevation (non-Q wave) MI, or unstable angina. It presents with prolonged chest pain (> 30 minutes), often accompanied by shortness of breath, nausea, and diaphoresis. It can be painless in diabetics. Essentially, it's a heart attack caused by acute coronary syndrome.","['1\n1\nCardiovascular Diseases\nAcute Coronary Syndrome\n■ Essentials of Diagnosis\n• Classiﬁed as ST-segment elevation (Q wave) myocardial infarction\n(MI), non–ST-segment elevation (non-Q wave) MI, or unstable angina\n• Prolonged (> 30 minutes) chest pain, associated with shortness of\nbreath, nausea, left arm or neck pain, and diaphoresis; can be\npainless in diabetics\n• S4 common; S3, mitral insufﬁciency on occasion\n• Cardiogenic shock, ventricular arrhythmias may complicate', 'toms of congestive heart failure, often following an upper respi-\nratory tract infection\n• Electrocardiography may reveal ST-T wave changes, conduction\nblocks\n• Echocardiography shows diffusely depressed left ventricular func-\ntion and enlargement\n• Routine myocardial biopsy usually not recommended since\ninﬂammatory changes are often focal and nonspeciﬁc\n■ Differential Diagnosis\n• Acute myocardial ischemia or infarction due to coronary artery\ndisease\n• Pneumonia']","Myocardial infarction occurs when blood flow to heart muscle is blocked, causing tissue death due to oxygen deprivation, commonly known as a heart attack.",0.15584415584415587,0.7917851805686951
Setup_Default,What is angina pectoris?,"Angina pectoris is chest pain usually caused by a lack of oxygen in the heart muscle. It is generally caused by atherosclerotic coronary artery disease and severe coronary obstruction. Characterized by pressure-like episodic precordial chest discomfort, often precipitated by exertion or stress. It is relieved by rest.","['4 Current Essentials of Medicine\n1 Angina Pectoris\n■ Essentials of Diagnosis\n• Generally caused by atherosclerotic coronary artery disease and\nsevere coronary obstruction; cigarette smoking, diabetes mellitus,\nhypertension, hypercholesterolemia, and family history are estab-\nlished risk factors\n• Stable angina characterized by pressure-like episodic precordial\nchest discomfort, precipitated by exertion or stress, relieved by rest', 'episodes of atrial flutter, fibrillation, and some tachycar-\nKEY TERMS\nAngina pectoris —Chest pain usually caused by a\nlack of oxygen in the heart muscle.\nArrhythmia —Any deviation from a normal heart\nbeat.\nAtrial fibrillation —A condition in which the\nupper chamber of the heart quivers instead of\npumping in an organized way.\nAtrial flutter—Rapid, inefficient contraction of the\nupper chamber of the heart.\nCarotid artery—One of the major arteries supply-\ning blood to the head and neck.']","Angina is chest discomfort caused by reduced blood supply to heart muscle, often triggered by exertion or stress, relieved by rest or medication.",0.2857142857142857,0.8694962859153748
Setup_Default,What is atherosclerosis?,Atherosclerosis is sometimes referred to as coronary artery disease (CAD). It is associated with the buildup of cholesterol deposits and plaque in arteries. Elevated triglyceride levels and low HDL levels contribute to its development. It can lead to blocked arteries and reduced flow to the heart.,"['flow to the heart. Atherosclerosis is sometimes\ncalled coronary artery disease, or CAD.\nFractionation —A laboratory test or process in\nwhich blood or another fluid is broken down into\nits components. Fractionation can be used to assess\nthe proportions of the different types of cholesterol\nin a blood sample.\nHigh-density lipoprotein (HDL)—A type of lipopro-\ntein that protects against CAD by removing choles-\nterol deposits from arteries or preventing their for-\nmation.', 'Triglyceride —A fat that comes from food or is\nmade from other energy sources in the body. Ele-\nvated triglyceride levels contribute to the develop-\nment of atherosclerosis.\nusually called coronary angioplasty, is a non-surgical\nprocedure. A catheter tipped with a balloon is threaded\nfrom a blood vessel in the thigh into the blocked artery.\nThe balloon is inflated, compressing the plaque to\nenlarge the blood vessel and open the blocked artery. The']","Atherosclerosis is buildup of fatty plaques in arteries, narrowing them and reducing blood flow, increasing risk of heart attack, stroke, and peripheral vascular disease.",0.1714285714285714,0.8325462937355042
Setup_Default,What is respiration?,"Unfortunately, the context does not provide a direct definition of respiration. However, based on the information provided, it can be inferred that respiration refers to the process involving the muscles that are responsible for breathing. This is because CPR is a procedure to support and maintain breathing and circulation, and it mentions ""ascending to the muscles involved in respiration"".","['Cardiopulmonary\nresuscitation (CPR)\nDefinition\nCardiopulmonary resuscitation (CPR) is a procedure\nto support and maintain breathing and circulation for a\nGALE ENCYCLOPEDIA OF MEDICINE 2 661\nCardiopulmonary resuscitation (CPR)', 'ascending to the muscles involved in respiration.\nThe syndrome is due to inflammation and loss of\nthe myelin covering of the nerve fibers, often asso-\nciated with an acute infection.\nMeninges —Outer covering of the spinal cord and\nbrain. Infection is called meningitis, which can lead\nto damage to the brain or spinal cord and even\ndeath.\nOral Rehydration Solution (ORS) —A liquid prepa-\nration developed by the World Health Organization\nthat can decrease fluid loss in persons with diar-']","Respiration is the process of inhaling oxygen and exhaling carbon dioxide, involving lungs and blood circulation to maintain cellular metabolism and energy production.",0.21951219512195125,0.7786892056465149
Setup_Default,What is asthma?,"Asthma is a disease in which the air passages of the lungs become inflamed and narrowed. It is characterized by episodic wheezing, cough, and dyspnea, and can present as nighttime cough. Triggers include allergens, irritants, infections, and stress. It is a condition that can cause chest tightness and breathing difficulties.","['mg in 24 hours.\nKEY TERMS\nAsthma—A disease in which the air passages of\nthe lungs become inflamed and narrowed.\nBronchitis —Inflammation of the air passages of\nthe lungs.\nChronic—A word used to describe a long-lasting\ncondition. Chronic conditions often develop grad-\nually and involve slow changes.\nCough suppressant —Medicine that stops or pre-\nvents coughing.\nEmphysema —An irreversible lung disease in\nwhich breathing becomes increasingly difficult.\nMucus—Thick fluid produced by the moist mem-', 'Chapter 2 Pulmonary Diseases 43\n2\nAsthma\n■ Essentials of Diagnosis\n• Episodic wheezing, cough, and dyspnea; poorly controlled chronic\ndyspnea or chest tightness; can present as nighttime cough\n• Triggers include: allergens (pets), irritants (smoke), infections\n(viral), drugs (aspirin), cold air, exercise, stress\n• Prolonged expiratory time, wheezing; if severe, pulsus paradoxus \n• Peripheral eosinophilia; mucus casts, eosinophils in sputum']","Asthma is a chronic inflammatory disease of airways causing reversible narrowing, leading to wheezing, breathlessness, chest tightness, and coughing, especially at night or early morning.",0.21333333333333335,0.8496753573417664
Setup_Default,What is pneumonia?,"Pneumonia is an infection of the lungs. It causes the air sacs and/or lung tissues to swell, and the air sacs may fill with pus or fluid. This prevents the lungs from taking in sufficient oxygen, depriving the blood and body's tissues of oxygen. It is an infection that affects the lungs' ability to take in oxygen.","['Description\nPneumonia is an infection of the lungs. The air sacs\n(alveoli) and/or the tissues of the lungs become swollen,\nand the alveoli may fill with pus or fluid. This prevents the\nlungs from taking in sufficient oxygen, which deprives the\nblood and the rest of the body’s tissues of oxygen.\nThere are three major types of Chlamydia: Chlamy-\ndia psittaci, Chlamydia pneumoniae, and Chlamydia tra-\nchomatis. Each of these has the potential to cause a type\nof pneumonia.\nCauses and symptoms', 'Chlamydial pneumonia refers to one of several\ntypes of pneumonia that can be caused by various types\nof the bacteria known as Chlamydia.\nGALE ENCYCLOPEDIA OF MEDICINE 2770\nChlamydial pneumonia']","Pneumonia is infection of lung tissue causing inflammation of alveoli, often filled with fluid or pus, resulting in fever, cough, difficulty breathing, and chest pain.",0.21951219512195122,0.820947527885437
Setup_Default,What is hypoxia?,"Hypoxia refers to a condition related to altitude sickness, also known as apoxia. It is listed as part of the differential diagnosis for hypoglycemia, alongside central nervous system disease.","['KEY TERMS\nApoxia—Apoxia refers to altitude sickness.\nArrhythmia—Irregular heartbeat.\nCentral nervous system —Part of the nervous sys-\ntem consisting of the brain, cranial nerves and\nspinal cord. The brain is the center of higher\nprocesses, such as thought and emotion and is\nresponsible for the coordination and control of\nbodily activities and the interpretation of informa-\ntion from the senses. The cranial nerves and spinal\ncord link the brain to the peripheral nervous sys-', '188 Current Essentials of Medicine\n7\nHypoglycemia in the Adult\n■ Essentials of Diagnosis\n• Blurred vision, diplopia, headache, slurred speech, weakness,\nsweating, palpitations, tremulousness, altered mentation; focal\nneurologic signs common\n• Plasma glucose < 40 mg/dL\n• Causes include alcoholism, postprandial hypoglycemia (eg, post-\ngastrectomy), insulinoma, medications (insulin, sulfonylureas,\npentamidine), adrenal insufﬁciency\n■ Differential Diagnosis\n• Central nervous system disease\n• Hypoxia']","Hypoxia is a condition where body tissues receive insufficient oxygen, leading to cellular dysfunction and potential organ damage if prolonged or severe.",0.19607843137254902,0.7980481386184692
Setup_Default,What is digestion?,"Digestion is the mechanical, chemical, and enzymatic process that converts food into materials suitable for use by the body. It involves the breakdown of food into simpler forms that can be absorbed and utilized. This process enables the body to make use of the nutrients from the food consumed.","['Digestion—The mechanical, chemical, and enzy-\nmatic process in which food is converted into the\nmaterials suitable for use by the body.\nEnzyme—A substance produced by the body to\nassist in a chemical reaction. In carbohydrate\nintolerance, lack of an enzyme makes it impossi-\nble for one type of sugar to be broken down into a\nsimpler form so that it can be absorbed by the\nintestines and used by the body.\nMetabolism —All the physical and chemical\nchanges that take place within an organism.', 'at regular intervals. If undigested lactose in the large\nintestine (colon) is fermented by bacteria, various gases\nare produced. Hydrogen is absorbed from the intestines\nKEY TERMS\nCeliac disease—A disease, occurring in both chil-\ndren and adults, which is caused by a sensitivity to\ngluten, a protein found in grains. It results in\nchronic inflammation and shrinkage of the lining\nof the small intestine.\nDigestion—The mechanical, chemical, and enzy-']","Digestion is the process of breaking down food into smaller molecules for absorption and use by the body, involving mechanical and chemical processes.",0.3055555555555556,0.8842161893844604
Setup_Default,What is gastritis?,"Gastritis is inflammation of the stomach lining that can be acute (erosive) or chronic (atrophic) with multiple causes. Symptoms include nausea, vomiting, anorexia, and upper abdominal distress. It can cause mild epigastric tenderness and iron deficiency anemia. The condition has multiple associations, including stress and Helicobacter pylori.","['Chapter 3 Gastrointestinal Diseases 83\n3\nGastritis\n■ Essentials of Diagnosis\n• May be acute (erosive) or indolent (atrophic); multiple varied causes\n• Symptoms often vague and include nausea, vomiting, anorexia,\nnondescript upper abdominal distress\n• Mild epigastric tenderness to palpation; in some, physical signs\nabsent\n• Iron deﬁciency anemia not unusual\n• Endoscopy with gastric biopsy for deﬁnitive diagnosis\n• Multiple associations include stress and diminished mucosal blood', 'cytologic examination diagnostic\n• Associated with atrophic gastritis, Helicobacter pylori ; role of\ndiet, previous partial gastrectomy controversial\n■ Differential Diagnosis\n• Benign gastric ulcer\n• Gastritis\n• Functional or irritable bowel syndrome\n• Other gastric tumors (eg, leiomyosarcoma, lymphoma)\n■ Treatment\n• Resection for cure; palliative resection with gastroenterostomy in\nselected cases\n• Perioperative chemotherapy or adjuvant chemoradiotherapy in']","Gastritis is inflammation of stomach lining caused by infection, stress, alcohol, or drugs, leading to pain, nausea, vomiting, and possible bleeding.",0.29411764705882354,0.831267237663269
Setup_Default,What is jaundice?,Jaundice is a condition where the skin and whites of the eyes turn yellowish due to an increase of bilirubin in the blood. This occurs when levels of bilirubin are abnormally high. It causes a yellowish tint to the eyes and skin.,"['Jaundice—A condition where the skin and whites\nof the eyes take on a yellowish color due to an\nincrease of bilirubin (a compound produced by\nthe liver) in the blood.\nReye’s syndrome —A serious, life-threatening ill-\nness in children, usually developing after a bout of\nflu or chickenpox, and often associated with the\nuse of aspirin. In fatal cases, there is evidence of\naccumulation of fat in the liver.\nTriglycerides—A type of fat consumed in the diet\nand produced by and stored in the body as an', 'tains many different substances, including bile\nsalts, cholesterol, and bilirubin. After a meal, the\ngallbladder pumps bile into the duodenum (the\nfirst part of the small intestine) to keep the intes-\ntine’s contents at the appropriate pH for digestion,\nand to help break down fats.\nBilirubin —Produced when red blood cells break\ndown. It is a yellowish color and when levels are\nabnormally high, it causes the yellowish tint to\neyes and skin known as jaundice.']","Jaundice is yellow discoloration of skin and eyes due to increased bilirubin levels, often caused by liver disease, bile duct obstruction, or hemolysis.",0.27692307692307694,0.8625627756118774
Setup_Default,What is diarrhea?,"Diarrhea is an increase in stool weight above 10 oz (300 g) per day, mainly due to excess water. It is characterized by a decrease in consistency of bowel movements. The medical definition distinguishes it from increased frequency of bowel movements or incontinence. It can be classified as acute (lasting 1-2 weeks) or chronic (lasting over 23 weeks).","['use of diaphragms and vaginal tampons. The symp-\ntoms include high fever, vomiting, and diarrhea.\nDiarrhea\nDefinition\nTo most individuals, diarrhea means an increased\nfrequency or decreased consistency of bowel move-\nments; however, the medical definition is more exact\nthan this. In many developed countries, the average num-\nber of bowel movements is three per day. However,\nresearchers have found that diarrhea best correlates with\nan increase in stool weight; stool weights above 10 oz', '(300 g) per day generally indicates diarrhea. This is\nmainly due to excess water, which normally makes up\n60–85% of fecal matter. In this way, true diarrhea is dis-\ntinguished from diseases that cause only an increase in\nthe number of bowel movements (hyperdefecation), or\nincontinence (involuntary loss of bowel contents).\nDiarrhea is also classified by physicians into acute,\nwhich lasts one to two weeks, and chronic, which contin-\nues for longer than 23 weeks. Viral and bacterial infec-']","Diarrhea is frequent passage of loose or watery stools, commonly due to infection, food intolerance, or gastrointestinal disorders, leading to dehydration and electrolyte imbalance.",0.14634146341463414,0.7867106199264526
Setup_Default,What is constipation?,"Constipation is a condition characterized by infrequent bowel movements with difficulty passing hard, dry stools. It can lead to painful defecation and may be associated with stool withholding and encopresis. It is often defined by hard stools and difficult passing. Bowel movements occur less often than usual.","['elbows close to the body\n• inhaling, then lifting the head (face forward) and chest\noff the floor\nGALE ENCYCLOPEDIA OF MEDICINE 2\n907\nConstipation\nTransverse colon\nDescending colon\nStool\nSigmoid colon\nRectum\nConstipation is an acute or chronic condition in which\nbowel movements occur less often than usual or consist of\nhard, dry stools that are painful or difficult to pass.\n(Illustra-\ntion by Electronic Illustrators Group).', '484 Current Essentials of Medicine\n18\nConstipation\n■ Essentials of Diagnosis\n• Deﬁned as infrequent bowel movements associated with difﬁ-\nculty passing; stools are often hard in consistency\n• Can lead to painful defecation and eventually stool withholding\nand encopresis\n• May be caused by anatomic abnormalities, neurologic problems, or\nendocrine disorders; in most cases, however, no cause is identiﬁed\n• A positive family history may be elicited']","Constipation is infrequent or difficult bowel movements, often caused by low fiber intake, dehydration, or reduced physical activity, leading to discomfort and straining.",0.2571428571428572,0.854333758354187
Setup_Default,What is neuron?,"The cells within the body which make up the nervous system, specifically those along which information travels. They are part of the nervous system. These cells enable information to travel.","['organ or organism.\nNeuron—The cells within the body which make\nup the nervous system, specifically those along\nwhich information travels.\nPhysiological—Pertaining to the functioning of an\norgan, as governed by the interactions between its\nphysical and chemical conditions.\nPsychological—Pertaining to the mind, its mental\nprocesses, and its emotional makeup.\nStimulus/stimuli —Action or actions performed\non an individual which predictably provoke(s) a\nreaction.', 'Epinephrine—Epinephrine, also called adrenaline,\nis a naturally occurring hormone released by the\nadrenal glands in response to signals from the sym-\npathetic nervous system. These signals are triggered\nby stress, exercise, or by emotions such as fear.\nGanglioneuroma —A ganglioneuroma is a tumor\ncomposed of mature nerve cells.\nNeuroblastoma—Neuroblastoma is a tumor of the\nadrenal glands or sympathetic nervous system.\nNeuroblastomas can range from being relatively\nharmless to highly malignant.']",Neuron is the basic functional unit of nervous system responsible for transmitting electrical and chemical signals between different parts of body.,0.11764705882352941,0.7928075790405273
Setup_Default,What is stroke?,"A stroke is characterized by the sudden onset of neurologic deficit, which may include focal weakness, sensory defects, visual field cut, aphasia, or confusion. If symptoms resolve in < 24 hours, it is defined as a transient ischemic attack (TIA). Otherwise, it is considered a stroke. The condition results from risk factors such as hypertension, diabetes, and carotid atherosclerosis.","['Chapter 12 Neurologic Diseases 359\nIschemic Stroke and Transient Ischemic Attack\n■ Essentials of Diagnosis\n• Risk factors:  Tobacco, hypertensi on, di abetes, hypercholes-\nterolemia, carotid atherosclerosis, valvular heart di sease, atrial\nﬁbrillation\n• Sudden onset of neurologic deﬁcit, may include focal weakness,\nsensory defects, visual ﬁeld cut, aphasia, confusion\n• If stroke-like symptoms resolve in < 24 hours, deﬁned as a tran-\nsient ischemic attack (TIA)', 'or stroke.\nReference\nHaymore JG, Mejico LJ. Retinal vascular occlusion syndromes. Int Ophthalmol\nClin 2009;49:63. [PMID: 19584622] \n20']","Stroke occurs when blood supply to part of brain is interrupted or reduced, causing brain cell death and leading to neurological deficits like paralysis or speech loss.",0.11627906976744184,0.7658528685569763
Setup_Default,What is epilepsy?,"Epilepsy is a neurological disorder characterized by recurrent seizures with or without a loss of consciousness. It is the tendency toward recurrent seizures. Seizures are paroxysmal, transitory alterations of central nervous system function.","['1153\nElectrolyte disorders\nKEY TERMS\nEpilepsy —A neurological disorder characterized\nby recurrent seizures with or without a loss of con-\nsciousness.\nIctal EEG—Used to measure brain activity during\na seizure. May be useful in learning more about\npatients who aren’t responding to conventional\ntreatments.', 'Chapter 12 Neurologic Diseases 357\nIdiopathic Epilepsy\n■ Essentials of Diagnosis\n• Epilepsy is the tendency toward recurrent seizures\n• Seizures are paroxysmal, transitory alterations of central nervous\nsystem function; may be generalized or focal with or without alter-\nation of consciousness\n• Metabolic panel to rule out sodium, glucose, or calcium disorders;\nurine toxicology screen; antiepileptic drug levels may be helpful\n• CT or MRI important to rule out structural lesion; lumbar punc-']","Epilepsy is a neurological disorder characterized by recurrent seizures due to abnormal electrical activity in brain, affecting consciousness, movement, or behavior.",0.37037037037037035,0.8716793060302734
Setup_Default,What is reflex action?,"Reflex is given either by spray or is gargled. It seems to be a method to induce a reflex, likely to relax the muscles, before a medical procedure. The exact nature of ""reflex action"" isn't described, but it appears to be a preparatory step. It is used before a procedure like endoscopy.","['reflex is given either by spray or is gargled. Patients are\nusually sedated for the procedure (though not always) by\ninjection of medications into a vein. The endoscopist\nthen has the patient swallow the scope, which is passed\nthrough the upper gastrointestinal tract. The lens or cam-\nera at the end of the instrument allows the endoscopist to\nexamine each portion of the upper gastrointestinal tract;\nphotos can be taken for reference. Air is pumped in', 'motion is influenced by several structures: configuration\nof bone surfaces within the joint, joint capsule, liga-\nments, and muscles and tendons acting on the joint.\nThere are three types of range of motion exercises: pas-\nsive, active, and active assists. Passive range of motion is\nmovement applied to a joint solely by another person or\npersons or a passive motion machine. When passive\nrange of motion is applied, the joint of an individual\nreceiving exercise is completely relaxed while the out-']","Reflex action is an automatic, rapid response to a stimulus without conscious control, mediated through spinal cord pathways for protection and quick reaction.",0.10666666666666666,0.7655649185180664
Setup_Default,What is coma?,"Coma is a state of extreme unresponsiveness with no voluntary movement or behavior. It is characterized by a lack of response to stimuli, including painful ones, and may involve loss of normal reflexes. The term ""coma"" comes from the Greek word ""koma,"" meaning deep sleep.","['Carol A. Turkington\nComa\nDefinition\nComa, from the Greek word “koma,” meaning deep\nsleep, is a state of extreme unresponsiveness, in which an\nindividual exhibits no voluntary movement or behavior.\nFurthermore, in a deep coma, even painful stimuli\n(actions which, when performed on a healthy individual,\nresult in reactions) are unable to affect any response, and\nnormal reflexes may be lost.\nDescription\nComa lies on a spectrum with other alterations in con-', 'Metabolic causes of coma are diagnosed from blood\nwork and urinalysis to evaluate blood chemistry, drug\nscreen, and blood cell abnormalities that may indicate\ninfection. Anatomic causes of coma are diagnosed from\ncomputed tomography scans (CT) or magnetic reso-\nnance imaging (MRI) scans.\nTreatment\nComa is a medical emergency, and attention must\nfirst be directed to maintaining the patient’s respiration\nand circulation, using intubation aand ventilation, admin-']",Coma is a prolonged state of unconsciousness where a person cannot be awakened and does not respond to stimuli due to severe brain dysfunction.,0.2028985507246377,0.8148168921470642
Setup_Default,What is hormone?,"A hormone is a chemical produced in one part of the body that travels to another part to exert its effect. It is also a chemical messenger produced by endocrine glands or cells, usually carried in the bloodstream, and regulates some metabolic activities.","['cal hormones that are mainly active in protecting\nagainst stress and in protein and carbohydrate\nmetabolism.\nHormone —A chemical produced in one part of\nthe body that travels to another part of the body in\norder to exert its effect.\nHypothalamus —the part of the brain containing\nsecretions important to metabolic activities.\nPituitary —A gland located at the base of the\nbrain, the pituitary produces a number of hor-\nmones, including hormones that regulate growth\nand reproductive function.', 'Hormone —A chemical messenger produced by\nthe endocrine glands or certain other cells. Hor-\nmones are usually carried in the blood stream and\nregulate some metabolic activities.\nSteroids—Hormones, including aldosterone, cor-\ntisol, and androgens, derived from cholesterol that\nshare a four-ring structure.\nopenings for surgical instruments. Adrenalectomy is fol-\nlowed by hormone therapy, but in lower doses than CAH\npatients not treated surgically receive.\nPrognosis']","Hormones are chemical messengers secreted by endocrine glands that regulate body functions such as growth, metabolism, reproduction, and homeostasis.",0.22580645161290322,0.829283595085144
Setup_Default,What is diabetes mellitus?,"Diabetes mellitus is a condition where the pancreas doesn't produce enough insulin or cells can't absorb glucose from the blood. This leads to symptoms like frequent urination, lethargy, excessive thirst, and hunger. It's a chronic disease that can cause serious health complications. Approximately 5% of the US population has the condition.","['York: McGraw-Hill, 1997.\nPERIODICALS\nAdam, Patricia. “Evaluation and Management of Diabetes\nInsipidus.” American Family Physician 55, no. 6 (1 May\n1997): 2146+.\nSinger, Irwin, et al. “The Management of Diabetes Insipidus in\nAdults.” Archives of Internal Medicine 157, no. 12 (23\nJune 1997): 1293+.\nRosalyn Carson-DeWitt, MD\nDiabetes mellitus\nDefinition\nDiabetes mellitus is a condition in which the pan-\ncreas no longer produces enough insulin or when cells', 'glucose in the blood cannot be absorbed into the cells of\nthe body. Symptoms include frequent urination, lethargy,\nexcessive thirst, and hunger. The treatment includes\nchanges in diet, oral medications, and in some cases,\ndaily injections of insulin.\nDescription\nDiabetes mellitus is a chronic disease that causes\nserious health complications including renal (kidney)\nfailure, heart disease, stroke, and blindness. Approxi-\nmately 14 million Americans (about 5% of the popula-']",Diabetes mellitus is a metabolic disorder characterized by high blood glucose levels due to insufficient insulin production or impaired insulin action.,0.2222222222222222,0.8176277875900269
Setup_Default,What is insulin?,"Insulin is a substance that helps the body use glucose. It is required for daily injections by patients with Type I diabetes. The amount and type of insulin needed depends on factors such as height, weight, and activity level. It allows the body to utilize glucose.","['stop responding to the insulin that is produced, so that\nGALE ENCYCLOPEDIA OF MEDICINE 2 1047\nDiabetes mellitus', 'are an important aspect of treatment for Type II diabetes,\nthey are not a substitute for a well planned diet and moder-\nate exercise. Oral medications are not effective for Type I\ndiabetes, in which the patient produces little or no insulin.\nInsulin\nPatients with Type I diabetes need daily injections of\ninsulin to help their bodies use glucose. The amount and\ntype of insulin required depends on the height, weight,\nage, food intake, and activity level of the individual dia-']",Insulin is a hormone produced by pancreas that regulates blood glucose by facilitating uptake of glucose into cells for energy and storage.,0.2352941176470588,0.7856332659721375
Setup_Default,What is hyperthyroidism?,"Hyperthyroidism presents with symptoms such as sweating, weight loss, heat intolerance, and irritability. Physical findings include sinus tachycardia, tremor, warm moist skin, and eye changes. Laboratory tests show increased serum FT4 and FT3 and low or undetectable TSH. It is characterized by an overactive thyroid gland.","['Chapter 7 Endocrine Disorders 187\n7\nHyperthyroidism\n■ Essentials of Diagnosis\n• Sweating, weight loss, heat intolerance, irritability, weakness,\nincreased number of bowel movements, menstrual irregularity\n• Sinus tachycardia or atrial ﬁbrillation, tremor, warm moist skin,\neye ﬁndings (stare, lid lag); diffuse goiter, thyroid bruit and exoph-\nthalmos in Graves’ disease\n• Serum FT4 and FT3 increased; TSH low or undetectable\n• Radioiodine uptake scan will differentiate Graves’ disease, toxic', 'Chapter 7 Endocrine Disorders 199\n7\nThyroiditis\n■ Essentials of Diagnosis\n• Painful enlarged thyroid gland in acute and subacute forms; painless\nenlargement in chronic form\n• Generally classiﬁed as chronic lymphocytic (Hashimoto’s) thyroiditis\nand subacute (granulomatous) thyroiditis; suppurative thyroiditis\nand Riedel’s thyroiditis are uncommon\n• Thyroid function tests variable, with serum T4 and T3 levels often\ntransiently high in acute forms and low in chronic disease']","Hyperthyroidism is condition where thyroid gland produces excess hormones, increasing metabolism, causing weight loss, rapid heartbeat, nervousness, and heat intolerance.",0.21212121212121213,0.8357420563697815
Setup_Default,What is hypothyroidism?,"Hypothyroidism is a disorder where the thyroid gland produces too little thyroid hormone. This decrease in thyroid hormone causes a decrease in the rate of metabolism. Associated effects include impacts on the reproductive system, fatigue, cold intolerance, and menstrual irregularity. It is characterized by low serum free thyroxine (FT4) and elevated thyroid-stimulating hormone (TSH).","['Hypothyroidism—A disorder in which the thyroid\ngland produces too little thyroid hormone causing\na decrease in the rate of metabolism with associat-\ned effects on the reproductive system.\nLupus erythematosus —A chronic inflammatory\ndisease in which inappropriate immune system\nreactions cause abnormalities in the blood vessels\nand connective tissue.\nProgesterone —A hormone naturally secreted by\nthe ovary, or manufactured synthetically, that\nprepares the uterus for implantation of a fertil-', 'Chapter 7 Endocrine Disorders 179\n7\nAdult Hypothyroidism and Myxedema\n■ Essentials of Diagnosis\n• Fatigue, cold intolerance, constipation, muscle cramps, weight\ngain, depression, altered mentation, menstrual irregularity \n• Hypothermia, bradycardia, dry skin with yellow tone (carotenemia);\nnonpitting edema, macroglossia, delayed relaxation of deep tendon\nreﬂexes\n• Low serum free thyroxine (FT4); thyroid-stimulating hormone (TSH)\nelevated in primary hypothyroidism; anemia, hypercholesterolemia']","Hypothyroidism is condition of reduced thyroid hormone production, leading to slowed metabolism, fatigue, weight gain, cold intolerance, and depression.",0.2465753424657534,0.8678460717201233
Setup_Default,What is infection?,"No direct definition of infection is provided, but based on the context, an infection appears to be related to a parasite, such as a trematode (fluke), living on or inside an organism and feeding on it. This can lead to various symptoms, such as chest pain, fever, and coughing up eggs or rust-colored sputum. The parasite takes nourishment from the host organism.","['Parasite—An organism that lives on or inside an\nanimal of a different species and feeds on it or\ndraws nutrients from it.\nTrematode—Parasitic flatworms or another name\nfor fluke, taken from a Greek word that means hav-\ning holes.\nbeginning of the infection and the appearance of the eggs\nduring coughing is about six weeks. Patients with lung\ninfections may have chest pain and fever as well as rust-\ncolored or bloody sputum. Lung infections can lead to', 'rather indirectly through the injection of x ray.\nParasite—An organism that lives on or in another\nand takes nourishment (food and fluids) from that\norganism.\nRegurgitation —Flow of material back up the\nesophagus and into the throat or lungs.\nPrognosis\nThose patients with gastrointestinal complications\noften respond to some form of treatment. Cardiac prob-\nlems are more difficult to treat, particularly since trans-\nplant would rekindle infection.\nPrevention']","Infection occurs when microorganisms like bacteria, viruses, or fungi invade body tissues, multiply, and cause disease by damaging cells or triggering immune responses.",0.07058823529411765,0.754510223865509
Setup_Default,What is immunity?,"There is no direct definition of immunity provided, however, based on the context, immunity can be inferred as the body's ability to produce antibodies to fight infectious diseases. The immune system produces specific proteins called antibodies in response to foreign proteins or particles called antigens. This helps to protect the body against infections.","['amount of antibody present and identifies the various\nclasses of antibodies. The main class of antibody for\nfighting infectious diseases is IgG.\nTreatment\nThere is no treatment that will cure the disorder.\nTreatment for common variable immunodeficiency aims\nat boosting the body’s immune response and preventing\nor controlling infections. Immune serum, obtained from\ndonated blood, is given as a source of antibodies to boost\nthe immune response. Immune serum is obtained from', 'Antibody —A specific protein produced by the\nimmune system in response to a specific foreign\nprotein or particle called an antigen.\nImmunocompromised —A state in which the\nimmune system is weakened or is not functioning\nproperly due to chronic disease.\nImmunosuppressed—A state in which the immune\nsystem is suppressed by medications during the\ntreatment of other disorders, like cancer, or follow-\ning an organ transplantation.\nReye’s syndrome —A very serious, rare disease,']","Immunity is the body’s ability to resist infections through defense mechanisms including physical barriers, immune cells, and antibodies that recognize and eliminate pathogens.",0.1842105263157895,0.8238529562950134
Setup_Default,What is vaccination?,"Vaccination is the administration of a preparation containing killed or weakened microorganisms to build immunity against infection from that microorganism. It uses a vaccine, which helps prevent infection. This method is used to provide immunity against specific diseases. Vaccines are available for various diseases.","['(CNS), blood system, and musculoskeletal system.\nVaccine—A prepartation containing killed or\nweakened microorganisms used to build immuni-\nty against infection from that microorganism.\nVirus—A very small organism that can only live\nwithin a cell. They are unable to reproduce out-\nside that cell.\nVaccines are available against some viruses, includ-\ning polio, herpes B, Japanese encephalitis, and equine\nencephalitis. Rabies vaccine is available for animals; it is', 'gamma globulin from blood of recently infected indi-\nviduals.\nA vaccine for chickenpox became available in the\nUnited States in 1995 under the name Varivax. Varivax\nis a live, attenuated (weakened) virus vaccine. It has\nbeen proven to be 85% effective for preventing all cases\nof chickenpox and close to 100% effective in prevent-\ning severe cases. Side effects are normally limited to\noccasional soreness or redness at the injection site.\nCDC guidelines state that the vaccine should be given']","Vaccination is the process of administering weakened or inactive pathogens to stimulate immune response, providing protection against specific infectious diseases.",0.3125,0.867008626461029
Setup_Default,What is antibiotic?,"Here is the answer to the question in 4-5 lines maximum:

Antibiotic is a chemical substance produced by a microorganism. It can inhibit the growth of or kill other microorganisms. This substance is used to treat infections. Antibiotics can be administered in various ways, including as aerosols directly into the lungs.","['for transmission by this route is still present.\nKEY TERMS\nAntibiotic—A chemical substance produced by a\nmicroorganism which can inhibit the growth of or\nkill other microorganisms.\nDebridement— Surgical removal of damaged tis-\nsue and foreign objects from a wound.\nI&D—Incision and drainage of a wound.\nIrrigation—Cleansing a wound with large amounts\nof water and/or an antiseptic solution.\nParenteral—Administered inside the body but out-\nside the digestive tract.', 'Some doctors choose to prescribe antibiotics only dur-\ning infection, while others prefer long-term antibiotic treat-\nment against S. aureus. The choice of antibiotic depends on\nthe particular organism or organisms found. Some antibi-\notics are given as aerosols directly into the lungs. Antibiotic\ntreatment may be prolonged and aggressive.\nSupplemental oxygen may be needed as lung dis-\nease progresses. Respiratory failure may develop,\nrequiring temporary use of a ventilator to perform the']","Antibiotics are drugs used to treat bacterial infections by killing bacteria or inhibiting their growth, but they are ineffective against viral infections.",0.19178082191780824,0.8062097430229187
Setup_Default,What is virus?,"A virus is an infectious agent that enters human cells and forces them to produce more viruses. Unlike bacteria, viruses are not independent and require a host cell to reproduce. The infected cell is usually killed, releasing thousands of new viruses. Viruses cause cell death and resulting tissue damage.","['ing with scab formation. However, infected persons need\nnot have visible blisters to spread the infection to others\nsince the virus may be present in the saliva without obvi-\nous oral lesions.\nViruses are different from bacteria. While bacteria\nare independent and can reproduce on their own, viruses\nenter human cells and force them to make more virus. The\ninfected human cell is usually killed and releases thou-\nsands of new viruses. The cell death and resulting tissue', 'characteristic symptoms that the virus produces (such as\nthe chest pain in pleurodynia). Rarely is it necessary to\nidentify a specific strain of virus causing the illness. It is\nmore important to be certain that the infection is due to a\nvirus which does not require treatment with antibiotics.\nCulture, or growing the organism outside of the body,\nis helpful only when obtained from areas that tend to indi-\ncate recent infection, such as from swollen joints, cere-']","Virus is a microscopic infectious agent that requires host cells to replicate, causing diseases by invading cells and disrupting their normal functions.",0.2816901408450704,0.8464844226837158
Setup_Default,What is dehydration?,"Dehydration is the loss of water and salts essential for normal body function. It occurs when the body loses more fluid than it takes in. This results in an imbalance of essential salts and water. 
Dehydration refers to the body's loss of water and essential salts.","['Care. 29 Apr. 1998 <http://www.hsc.missouri.edu/~\nshrp/rtwww/rcweb/aarc/ddrcpg.html>.\n“Defibrillation.” American Heart Association. 1997. 9 Apr.\n1998 <http://www.americanheart.org>.\nLori De Milto\nDefinitive cancer therapy see Cancer\ntherapy, definitive\nDegenerative arthritis see Osteoarthritis\nDehydration\nDefinition\nDehydration is the loss of water and salts essential\nfor normal body function.\nDescription\nDehydration occurs when the body loses more fluid', 'ing\nGALE ENCYCLOPEDIA OF MEDICINE 2\n1018\nDehydration']","Dehydration is a condition resulting from excessive loss of body fluids, leading to imbalance in electrolytes and impaired physiological functions.",0.2727272727272727,0.8506069779396057
Setup_Default,What is electrolyte?,"Electrolytes are positively and negatively charged molecules, called ions. They are found within cells, between cells, in the bloodstream, and in other body fluids. These ionized molecules help balance pH and acid-base levels and facilitate fluid passage between and within cells. They are also known as cations (positive) or anions (negative).","['Electrolyte tests\nDefinition\nElectrolytes are positively and negatively charged\nmolecules, called ions, that are found within cells,\nbetween cells, in the bloodstream, and in other fluids\nthroughout the body. Electrolytes with a positive charge\ninclude sodium, potassium, calcium, and magnesium; the\nnegative ions are chloride, bicarbonate, and phosphate.\nThe concentrations of these ions in the bloodstream\nremain fairly constant throughout the day in a healthy', 'sium, phosphate, potassium, and sodium) in the blood.\nDescription\nElectrolytes are ionized molecules found throughout\nthe blood, tissues, and cells of the body. These mole-\ncules, which are either positive (cations) or negative\n(anions), conduct an electric current and help to balance\npH and acid-base levels in the body. Electrolytes also\nfacilitate the passage of fluid between and within cells\nthrough a process known as osmosis and play a part in']","Electrolytes are charged minerals like sodium and potassium that regulate nerve function, muscle contraction, hydration, and acid-base balance in body.",0.1971830985915493,0.8196123838424683
Setup_Default,What is edema?,"Edema is a condition characterized by excess fluid in the body, causing swelling. It is not a disease itself, but a sign of an underlying problem. Symptoms include weight gain, puffy eyelids, and swelling of the legs. It results from an imbalance of fluid in the body.","['Causes and symptoms\nMany ordinary factors can upset the balance of fluid\nin the body to cause edema, including:\n• Immobility. The leg muscles normally contract and\ncompress blood vessels to promote blood flow with\nwalking or running. When these muscles are not used,\nGALE ENCYCLOPEDIA OF MEDICINE 2 1133\nEdema', 'Symptoms vary depending on the cause of edema. In\ngeneral, weight gain, puffy eyelids, and swelling of the\nlegs may occur as a result of excess fluid volume. Pulse\nrate and blood pressure may be elevated. Hand and neck\nveins may be observed as fuller.\nDiagnosis\nEdema is a sign of an underlying problem, rather\nthan a disease unto itself. A diagnostic explanation\nshould be sought. Patient history and presenting symp-\ntoms, along with laboratory blood studies, if indicated,']","Edema is swelling caused by accumulation of excess fluid in tissues, commonly seen in conditions like heart failure, kidney disease, or inflammation.",0.23188405797101447,0.8375725150108337
Setup_Default,What is acidosis?,"Acidosis is a condition where the body is more acidic than normal. It is associated with symptoms such as headache, nausea, vomiting, and visual disturbances. It can result from decreased bicarbonate levels or increased acidity in the blood. Acidosis can occur when one breathes too slowly, causing carbon dioxide to build up in the bloodstream.","['plasma, with a resulting acidosis. Tests for serum bicar-\nbonate levels are accompanied by tests for acidosis (pH\ntest). Conversely, when one breathes too rapidly (hyper-\nventilation), the carbon dioxide is drawn off from the\nbloodstream and expelled in the breath at an increased\nrate. This results in an increase in the rate of combination\nof bicarbonate with hydrogen ions, resulting in alkalosis.\nAcidosis and alkalosis can be produced by means other', 'Acidosis —Condition where the body is more\nacidic than normal; associated with headache,\nnausea, vomiting, and visual disturbances.\nFanconi’s anemia —An inherited form of aplastic\nanemia.\nFiltrate—The part of filtered material that flows\nthrough the filter.\nIdiopathic—Refers to a disease of unknown cause.\nPolydipsia—Excessive thirst.\nPolyuria—Excessive production of urine.\nORGANIZATIONS\nThe American Society of Nephrology. 2025 M Street NW\n#800, Washington, DC 20036. (202) 367-1190. <http://']","Acidosis is a condition where blood pH falls below normal due to excess acid or loss of bicarbonate, affecting enzyme activity and organ function.",0.20253164556962022,0.8393682837486267
Setup_Default,What is alkalosis?,"Alkalosis is a decline in the acid content of the bloodstream, also known as alkalization of the bloodstream. It can occur due to loss of hydrochloric acid, often through vomiting. At its most severe, it can cause paralysis (tetany).","['alkalosis? Game, set, match for this diagnosis.\nReference\nHall NJ, Pacilli M, Eaton S, et al. Recovery after open versus laparoscopic\npyloromyotomy for pyloric stenosis: a double-blind multicentre randomised\ncontrolled trial. Lancet 2009;373:390. [PMID: 19155060]\n18', 'ride leads to the opposite situation: a decline in the acid\ncontent of the bloodstream. This is known as alkalization\nof the bloodstream, or alkalosis. Hydrochloric acid, origi-\nnally from extracellular fluids, can be lost by vomiting. At\nits most severe, alkalosis results in paralysis (tetany).\nHyperphosphatemia occurs at serum phosphate levels\nabove 5 mg/dL. It can result from the failure of the kidneys\nto excrete phosphate into the urine, causing phosphate to']","Alkalosis is a condition where blood pH rises above normal due to loss of acid or excess bicarbonate, affecting normal cellular processes.",0.2622950819672131,0.8349756598472595
Setup_Default,What is diagnosis?,"Diagnosis is the process of determining a medical condition. It begins with a visit to the physician, who takes a medical history, discusses symptoms, and performs basic screening tests. The doctor also conducts a physical examination to look for abnormalities. This helps identify the condition and its severity.","['to the American Heart Association.\nDiagnosis\nDiagnosis begins with a visit to the physician, who\nwill take a medical history, discuss symptoms, listen to\nthe heart, and perform basic screening tests. These tests\nwill measure weight, blood pressure, blood lipid levels,\nand fasting blood glucose levels. Other diagnostic tests\ninclude resting and exercise electrocardiogram, echocar-\ndiography, radionuclide scans, and coronary angiogra-\nphy. The treadmill exercise (stress) test is an appropriate', 'course.\nDiagnosis\nTo make a diagnosis, a woman’s physician - either\nfamily doctor, gynecologist, or even urologist — takes a\ncomplete medical history to determine when the problem\nstarted, how it presents, how severe it is, and what the\npatient thinks may be causing it. The doctor will also\nconduct a complete physical examination , looking for\nany abnormalities in the genital region\nTreatment\nThe physician should start by providing education\nabout the disorder and recommending various non-med-']","Diagnosis is the process of identifying a disease by evaluating symptoms, medical history, physical examination, and laboratory or imaging investigations.",0.32352941176470584,0.8600695133209229
Setup_Default,What is prognosis?,"Prognosis refers to the likely outcome or course of a disease. It depends on factors such as severity of birth defects and brain damage, as in FAS, or the extent of cancer spread, as in esophageal cancer. Essentially, it's a forecast of the disease's progression. It helps determine patient outcomes.","['employment, and develop satisfying social relationships.\nPrognosis\nThe prognosis for FAS depends on the severity of\nbirth defects and the brain damage present at birth. Mis-\ncarriage , stillbirth or death in the first few weeks of\nGALE ENCYCLOPEDIA OF MEDICINE 2\n1311\nFetal alcohol syndrome', 'Prognosis\nSince most patients are diagnosed when the cancer\nhas spread to lymph nodes or other structures, the prog-\nGALE ENCYCLOPEDIA OF MEDICINE 2\n1241\nEsophageal cancer\nA close-up view of a cancerous esophageal tumor.(Custom\nMedical Stock Photo. Reproduced by permission.)']","Prognosis refers to the expected outcome or course of a disease, including chances of recovery, complications, and survival based on clinical evaluation.",0.3055555555555556,0.8440916538238525
Setup_Default,What is treatment?,"Treatment includes surgery, radiation, chemotherapy, immunotherapy, hormone therapy, and bone-marrow transplantation. The type of treatment depends on the cancer's location, its spread, patient's age, health, and personal preferences. Surgery is the most frequently used cancer treatment, involving removal of a visible tumor. It is most effective for small, localized cancers.","['and treatment. Curr Neurol Neurosci Rep 2008;8:371. [PMID: 18713572]\n12', 'which it has already spread, the patient’s age, sex, gener-\nal health status and personal treatment preferences. The\nmajor types of treatment are: surgery, radiation, chemo-\ntherapy , immunotherapy, hormone therapy, and bone-\nmarrow transplantation.\nSurgery\nSurgery is the removal of a visible tumor and is the\nmost frequently used cancer treatment. It is most effec-\ntive when a cancer is small and confined to one area of\nthe body.\nSurgery can be used for many purposes.']","Treatment is the management of disease through medications, surgery, lifestyle changes, or therapies aimed at curing, controlling, or relieving symptoms.",0.14285714285714288,0.7952445149421692
Setup_Default,What is pathology?,"Pathology is the study of the anatomic and chemical changes that occur with diseases. A pathologist, a doctor who specializes in this field, examines biopsy specimens and regulates laboratory studies. They also perform autopsies. Pathology involves diagnosing disease by studying cells and tissues under a microscope.","['KEY TERMS\nPathologist —A doctor who specializes in the\nanatomic (structural) and chemical changes that\noccur with diseases. These doctors function in the\nlaboratory, examining biopsy specimens, and reg-\nulating studies performed by the hospital laborato-\nries (blood tests, urine tests, etc). Pathologists also\nperform autopsies.\nthan that, diverticula will usually grow slowly over the\nyears, gradually increasing the symptoms they cause.\nResources\nBOOKS', 'Crohn’s disease—A chronic inflammatory disease\nwhere the immune system starts attacking one’s\nown body. The disease generally starts in the gas-\ntrointestinal tract.\nDiverticulosis —A pouchlike section that bulges\nthrough the large intestine’s muscular walls but is\nnot inflamed. It may cause bleeding, stomach dis-\ntress and excess gas.\nPathologist —A doctor who specializes in the\ndiagnosis of disease by studying cells and tissues\nunder a microscope.']","Pathology is the study of diseases, including their causes, development, structural changes, and effects on body tissues and organs.",0.21538461538461537,0.8115832805633545
Setup_Default,What is inflammation?,"Inflammation is a local reaction to tissue injury or damage. It is usually characterized by pain, swelling, and redness. This reaction occurs in response to tissue injury or damage.","['Neutrophil —The primary type of white blood cell\ninvolved in inflammation. Neutrophils are a type of\ngranulocyte, also known as a polymorphonuclear\nleukocyte.\nPericarditis—Inflammation of the pericardium, the\nmembrane surrounding the heart.\nPeritonitis —Inflammation of the peritoneum, the\nmembrane surrounding the abdominal contents.\nPleuritis —Inflammation of the pleura, the mem-\nbrane surrounding the lungs.\nPyrexia—A medical term denoting fevers.\nSerositis —Inflammation of a serosal membrane.', 'Inflammation—A local reaction to tissue injury or\ndamage, usually characterized by pain, swelling,\nand redness.\nSore—A wound, lesion, or ulcer on the skin.\nUlcer—A site of damage to the skin or mucous\nmembrane that is characterized by the formation\nof pus, death of tissue, and is frequently accompa-\nnied by an inflammatory reaction.\nDiagnosis\nCanker sores are diagnosed by observation of the\nblister. A distinction between canker sores and cold sores']","Inflammation is a protective response of body to injury or infection, characterized by redness, swelling, heat, pain, and loss of function.",0.48000000000000004,0.9022640585899353
Setup_Default,What is metabolism?,"Metabolism involves breaking down dietary substances for energy production. It includes conversion of carbon dioxide to bicarbonate and involves liver enzymes to break down substances into metabolites. Tests for serum calcium are also part of metabolism assessment. It results in excretion through kidneys, lungs, and bodily fluids.","['metabolism also involve tests for serum calcium.\nBicarbonate metabolism involves several com-\npounds. When dietary starches, sugars, and fats are bro-\nken down for energy production, carbon dioxide is creat-\ned. Much of this carbon dioxide (CO 2) spontaneously\nconverts to carbonic acid (H 2CO3), and some of the car-\nbonic acid spontaneously converts to bicarbonate\n(HCO 3\n/H11002\n) plus a hydrogen ion (H\n+\n). Eventually, almost\nevery molecule of carbon dioxide produced in the body,', 'stances for excretion through the lungs, or bodily fluids\nsuch as saliva, sweat, breast milk, and urine, or through\nreabsorption by the intestines. The primary mode of\nexcretion is through the kidneys.\nThe family of liver isoenzymes known as cytochrome\nP-450 are crucial to drug metabolism. These enzymes\n(labeled CYP1A2, CYP2C9, CYP2C19, CYP2D6, and\nCYP3A4) have a catabolic action on substances, breaking\nthem down into metabolites. Consequently, they also act to']","Metabolism includes all chemical reactions in body that maintain life, including processes of breaking down nutrients and producing energy for cellular activities.",0.2608695652173913,0.8012375831604004
Setup_Default,What is homeostasis?,"Homeostasis refers to the balance and stability of a system, in this case, a family system. It is the tendency of the system to maintain its usual organization and functioning over time. The system resists change and seeks to return to its customary state. This concept can be used to explain why a family symptom or issue arises. It helps understand the family's response to change.","['Homeostasis (balance)\nThe concept of homeostasis means that the family\nsystem seeks to maintain its customary organization and\nfunctioning over time. It tends to resist change. The fami-\nly therapist can use the concept of homeostasis to explain\nwhy a certain family symptom has surfaced at a given\ntime, why a specific member has become the IP, and what\nis likely to happen when the family begins to change.\nThe extended family field\nThe extended family field refers to the nuclear fami-', '(hygogammaglobulinemia), or defect in the cells\nthat partake in the immune response. Diseases\nsuch as AIDS and cancer exhibit changes in the\nbody’s natural immunity.\nOral Rehydration Solution (ORS) —A liquid\npreparation developed by the World Health Orga-\nnization that can decrease fluid loss in persons\nwith diarrhea. Originally developed to be pre-\npared with materials available in the home, com-\nmercial preparations have recently come into use.\nParasite—An organism that lives on or in another']","Homeostasis is the ability of body to maintain stable internal environment despite external changes, regulating temperature, pH, fluids, and other vital parameters.",0.1590909090909091,0.7822639346122742
Setup_Default,What is oxygen saturation?,"Oxygen saturation refers to the percentage of oxygen bound to hemoglobin in the blood. In a specific phenomenon mentioned, oxygen saturation is fixed at 85%. It is a measure of how much oxygen is being carried by the hemoglobin in the blood. Normally, it is expected to be around 95-100% in healthy individuals.","['transfusion or hyperbaric oxygen\n■ Pearl\nAn in vitro phenomenon unrelated to cardiopulmonary disease; oxygen\nsaturation is ﬁxed at 85%.\nReference\ndo Nascimento TS, Pereira RO, de Mello HL, Costa J. Methemoglobinemia: from\ndiagnosis to treatment. Rev Bras Anestesiol 2008;58:657. [PMID: 19082413]', 'fere with lung expansion.\nMembrane oxygenator —The artificial lung that\nadds oxygen and removes carbon dioxide.\nPulmonary hypertension—A disorder in which the\nblood pressure in the arteries supplying the lungs\nis abnormally high.\nRespiratory distress syndrome —A lung disorder\nusually of premature infants that causes increasing\ndifficulty in breathing, leading to a life-threatening\ndeficiency of oxygen in the blood.\nVenoarterial (V-A) bypass —The type of ECMO']","Oxygen saturation is the percentage of hemoglobin carrying oxygen in blood, normally between 95% and 100%, indicating adequate oxygenation of tissues.",0.21621621621621623,0.8795798420906067
Setup_Default,What is pulse?,"There is no information provided about the term ""pulse"" in the context. However, based on the context provided, a pulse generator is mentioned, which sends out intermittent electrical stimulation.","['attached to an electric pulse generator via an extension\nwire. The pulse generator is implanted into the patient’s\npectoral, or chest area, and the extension wire is tunneled\nunder the skin. The pulse generator sends out intermit-\ntent electrical stimulation to the electrode in the thala-\nmus, which inhibits or partially relieves the tremor. The\ngenerator can be turned on and off with a magnet, and\nneeds to be replaced every three to five years.', 'hearts that contract in an irregular way.\nECG or EKG—A record of the waves that relate to\nthe electrical impulses produced at each beat of\nthe heart.\nElectrodes —Tiny wires in adhesive pads that are\napplied to the body for ECG measurement.\nFibrillation —Rapid, uncoordinated contractions\nof the upper or the lower chambers of the heart.\nLead—Name given the electrode when it is\nattached to the skin.']","Pulse is rhythmic expansion of arteries due to heartbeats, used clinically to assess heart rate, rhythm, and strength of blood circulation.",0.08,0.7242934107780457
Setup_Default,What is organ failure?,"Organ failure occurs when an organ, such as the kidneys or liver, stops functioning properly. This can be triggered by disease or a hereditary disorder. For example, in the kidneys, it can be caused by diabetes. If left untreated, organ failure can lead to fatal consequences, such as in End-Stage Renal Disease (ESRD).","['and fluids from the bloodstream, ESRD is fatal.\nCauses and symptoms\nKidney failure is triggered by disease or a hereditary\ndisorder in the kidneys. Both kidneys are typically affect-\ned. The four most common causes of chronic kidney fail-\nure include:\n• Diabetes. Diabetes mellitus (DM), both insulin depen-\ndant (IDDM) and non-insulin dependant (NIDDM),\noccurs when the body cannot produce and/or use\ninsulin, the hormone necessary for the body to process', 'failure and includes abdominal pain and tenderness,\nswelling of the liver, and abnormal blood tests for liver\nenzymes. In the last stage of this poisoning, liver failure\nadvances and the patient becomes jaundiced, with yel-\nlowing of the skin and whites of the eyes. They may also\nexperience kidney failure, bleeding disorders, and\nencephalopathy (swelling of the brain).\nAnticholinergic drugs (drugs that block the action of\nacetylcholine, a neurotransmitter) like atropine, scopo-']","Organ failure occurs when an organ loses its ability to function properly, often due to disease, injury, or insufficient blood supply.",0.18918918918918917,0.8315227627754211
Setup_Default,What is infection control?,"Infection control involves using good hand-washing practices and taking precautions such as wearing gowns and gloves. Isolating waste material, specifically through enteric precautions, also helps decrease the chance of spreading illness. These measures are particularly important for hospital staff. Proper precautions can help prevent the transmission of infection.","['transmission of infection is the use of good hand-wash-\ning practices and other appropriate precautions (gowns\nand gloves for hospital staff). The virus is found in feces\nfor up to one week after infection; therefore precautions\nthat isolate waste material (enteric precautions) will help\ndecrease the chance of spreading the illness.\nResources\nBOOKS\nCohen, Jeffrey I. “Enteroviruses and Reoviruses.” In Harri-\nson’s Principles of Internal Medicine, ed. Anthony S.', 'isms that cause infection.\nCorticosteroids —A group of anti-inflammatory\nsubstances often used to treat skin conditions.\nImmune response—The protective reaction by the\nimmune system against foreign antigens (sub-\nstances that the body perceives as potentially dan-\ngerous). The immune system combats disease by\nneutralizing or destroying antigens.\ncontact dermatitis becomes a chronic and disabling con-\ndition that can have a profound effect on employability\nand quality of life.\nPrevention']","Infection control involves measures like hygiene, sterilization, and isolation to prevent spread of infections in healthcare and community settings.",0.20895522388059704,0.8383522033691406
Setup_Default,What is public health?,"There is no information provided in the context to answer the question ""What is public health?"" The context appears to discuss immunization, diseases, and treatment options, but does not define public health.","['efits of immunization greatly outweigh the incidence of\nhealth problems arising from them.\nThere are serious chronic diseases and health prob-\nlems that are frequently diagnosed in childhood and can-\nnot be vaccinated against. These include, but are not lim-\nited to, asthma, type I diabetes (juvenile diabetes),\nleukemia, hemophilia, and cystic fibrosis.\nMental health\nChildren who have difficulty in areas of language\nacquisition, cognitive development, and behavior control\nKEY TERMS', '• Proteinuria, leukopenia, hyperbilirubinemia\n• Virus isolated from blood; serologic tests positive after second\nweek of illness\n■ Differential Diagnosis\n• Leptospirosis\n• Viral hepatitis\n• Typhoid fever\n• Biliary tract disease\n• Malaria\n• Dengue\n■ Treatment\n• Active immunization of persons living in or traveling to endemic\nareas\n• Supportive care\n■ Pearl\nA yearly urban epidemic occurrence treated by phlebotomy by the most\ndistinguished physicians (eg, Benjamin Rush) in 18th- and 19th-century']","Public health focuses on prevention of disease, promotion of health, and prolonging life through organized community efforts, policies, education, and healthcare services.",0.07407407407407407,0.7721801400184631
Setup_Default,What is Cardiac Tamponade?,Cardiac tamponade occurs when the heart is squeezed by fluid that collects inside the sac that surrounds it. The heart is surrounded by a sac called the pericardium. This condition can cause a friction rub and abnormal electrocardiography and echocardiography results. It may occur in any patient and can be life-threatening.,"['PERIODICALS\nHarvard Medical School. “Cardiac Rehabilitation.”Harvard\nHealth Letter, 7 no. 5 (Jan. 1997): 3-7.\nORGANIZATIONS\nAmerican Heart Association. 7320 Greenville Ave. Dallas, TX\n75231. (214) 373-6300. <http://www.americanheart.org>.\nPaula Anne Ford-Martin\nCardiac tamponade\nDefinition\nCardiac tamponade occurs when the heart is\nsqueezed by fluid that collects inside the sac that sur-\nrounds it.\nDescription\nThe heart is surrounded by a sac called the pericardi-', 'friction rub; cardiac tamponade may occur in any patient\n• Electrocardiography usually shows PR depression, diffuse concave\nST-segment elevation followed by T-wave inversions; no recip-\nrocal changes are seen\n• Echocardiography may reveal pericardial effusion\n■ Differential Diagnosis\n• Acute myocardial infarction\n• Aortic dissection\n• Pulmonary embolism\n• Pneumothorax\n• Pneumonia\n• Cholecystitis and pancreatitis\n■ Treatment\n• Aspirin or nonsteroidal anti-inﬂammatory agents such as ibupro-']",Life-threatening disorder occurring when pericardial fluid accumulates under pressure; effusions rapidly increasing in size may cause an elevated intrapericardial pressure.,0.14084507042253522,0.802281379699707
Setup_Default,What defines Cor Pulmonale?,Cor pulmonale is defined as an increase in bulk of the right ventricle of the heart. It is generally caused by chronic diseases or malfunction of the lungs. This condition can lead to heart failure. It is also known as pulmonary heart disease.,"['Cor pulmonale is an increase in bulk of the right\nventricle of the heart, generally caused by chronic dis-\neases or malfunction of the lungs. This condition can\nlead to heart failure.\nDescription\nCor pulmonale, or pulmonary heart disease, occurs in\n25% of patients with chronic obstructive pulmonary dis-\nGALE ENCYCLOPEDIA OF MEDICINE 2916\nCor pulmonale', 'KEY TERMS\nVentricle—A cavity, as in the brain or heart. The\nright ventricle of the heart drives blood from the\nheart into the pulmonary artery, which supplies\nblood to the lungs.\ninfection; anticoagulants to reduce the risk of throm-\nboembolism; and digitalis, oxygen, and phlebotomy to\nreduce red blood cell count. A low-salt diet and restricted\nfluids are often prescribed.\nAlternative treatment\nCo-management of the patient with cor pulmonale\nshould be coordinated between the medical doctor and']","Heart failure resulting from pulmonary disease. Most commonly due to COPD; other causes include pulmonary fibrosis, pneumoconioses, recurrent pulmonary emboli...",0.12698412698412698,0.7676897644996643
Setup_Default,What is Celiac Disease?,Celiac disease is a digestive system disorder that damages the small intestine and interferes with nutrient absorption from food. It occurs when the body reacts abnormally to gluten. The condition is classified as an autoimmune disorder. It may also be called sprue or gluten sensitive enteropathy. It can be discovered at any age.,"['CEA test see Carcinoembryonic antigen test\nCEB see Chronic fatigue syndrome\nCefaclor see Cephalosporins\nCefadroxil see Cephalosporins\nCefixime see Cephalosporins\nCefprozil see Cephalosporins\nCefurox see Cephalosporins\nCeliac disease\nDefinition\nCeliac disease is a disease of the digestive system\nthat damages the small intestine and interferes with the\nabsorption of nutrients from food.\nDescription\nCeliac disease occurs when the body reacts abnor-', 'tem causes the damage, celiac disease is classified as an\n“autoimmune” disorder. Celiac disease may also be called\nsprue, nontropical sprue, gluten sensitive enteropathy,\nceliac sprue, and adult celiac disease.\nCeliac disease may be discovered at any age, from\ninfancy through adulthood. The disorder is more com-\nmonly found among white Europeans or in people of\nEuropean descent. It is very unusual to find celiac dis-\nease in African or Asian people. The exact incidence of']",Celiac disease is a disease of the digestive system that damages the small intestine and interferes with the absorption of nutrients from food. It occurs when the body reacts abnormally to gluten.,0.588235294117647,0.9132895469665527
Setup_Default,What are the symptoms of Tetanus?,"Jaw stiffness followed by spasms (trismus), stiffness of neck or other muscles, dysphagia, irritability, hyperreflexia, and late, painful convulsions precipitated by minimal stimuli. Low-grade fever is also present. These symptoms help distinguish tetanus from other conditions.","['Chapter 8 Infectious Diseases 237\n8\nTetanus (Clostridium tetani)\n■ Essentials of Diagnosis\n• History of nondebrided wound or contamination may or may not\nbe obtained\n• Jaw stiffness followed by spasms (trismus)\n• Stiffness of neck or other muscles, dysphagia, irritability, hyper-\nreﬂexia; late, painful convulsions precipitated by minimal stim-\nuli; fever is low-grade\n■ Differential Diagnosis\n• Infectious meningitis\n• Rabies\n• Strychnine poisoning\n• Malignant neuroleptic syndrome\n• Hypocalcemia', 'cemia. Symptoms include:\n• fatigue\n• constipation\n• depression\n• confusion\n• muscle pain\n• nausea and vomiting\n• dehydration\n• increased urination\n• irregular heartbeat (arrhythmia)\nHYPOCALCEMIA. Thyroid disorders, kidney failure,\nsevere burns, sepsis, vitamin D deficiency, and medica-\ntions such as heparin and glucogan can deplete blood cal-\ncium levels. Lowered levels cause:\n• muscle cramps and spasms\n• tetany and/or convulsions\n• mood changes (depression, irritability)\n• dry skin']","Jaw stiffness followed by spasms (trismus). Stiffness of neck or other muscles, dysphagia, irritability, hyperreflexia; late, painful convulsions precipitated by minimal stimuli.",0.6206896551724137,0.9407221674919128
Setup_Default,What is Dilated Cardiomyopathy?,"Dilated cardiomyopathy is also called congestive cardiomyopathy. It is a condition where the walls of the heart chambers stretch, enlarging the heart ventricles. This allows them to hold a greater volume of blood than normal. It is the most common form of cardiomyopathy.","['Congestive cardiomyopathy\nDefinition\nCardiomyopathy is an ongoing disease process that\ndamages the muscle wall of the lower chambers of the\nheart. Congestive cardiomyopathy is the most common\nform of cardiomyopathy. In congestive cardiomyopathy,\nalso called dilated cardiomyopathy, the walls of the heart\nchambers stretch (dilate) to hold a greater volume of\nblood than normal. Congestive cardiomyopathy is the\nfinal stage of many heart diseases and the most common', 'cardiomyopathy; cardiomyopathy in which the\nwalls of the heart chambers stretch, enlarging the\nheart ventricles so they can hold a greater volume\nof blood than normal.\nCoxsackievirus B —A type of virus in the group\nEnterovirus that causes an infection similar to polio,\nbut without paralysis.\nDigitalis —A drug that helps the heart muscle to\nhave stronger pumping action.\nDilated cardiomyopathy —Also called congestive\ncardiomyopathy; cardiomyopathy in which the']","A cause of systolic dysfunction, this represents a group of disorders that lead to congestive heart failure. Symptoms and signs of congestive heart failure: Exertional dyspnea, cough, fatigue, paroxysmal nocturnal dyspnea...",0.16216216216216217,0.7594577074050903
Setup_Default,What defines Atrial Septal Defect?,"Atrial Septal Defect is defined by an opening between the two upper heart chambers. Patients with small defects are usually asymptomatic, while large shunts cause symptoms like exertional dyspnea, fatigue, and palpitations by age 40. Paradoxical embolism may also occur. Physical exam findings include right ventricular lift and widened, fixed splitting of S2.","['wall separating the right and left sides of the heart),\nblood leaks from the left side of the heart to the right,\nor from a higher pressure zone to a lower pressure\nzone. A major leakage can lead to enlargement of the\nheart and failing circulation. The most common types\nof septal defects are atrial septal defect , an opening\nbetween the two upper heart chambers, and ventricu-\nlar septal defect , an opening between the two lower\nheart chambers. Ventricular septal defect accounts for', '12 Current Essentials of Medicine\n1 Atrial Septal Defect\n■ Essentials of Diagnosis\n• Patients with small defects are usually asymptomatic and have a\nnormal life span\n• Large shunts symptomatic by age 40, including exertional dysp-\nnea, fatigue, and palpitations\n• Paradoxical embolism may occur (ie, upper or lower extremity\nvenous thrombus embolizing to brain or extremity rather than\nlung) with transient shunt reversal\n• Right ventricular lift, widened and ﬁxed splitting of S 2, and sys-']","Patients with small defects are usually asymptomatic and have a normal life span. Large shunts symptomatic by age 40, including exertional dyspnea, fatigue, and palpitations.",0.358974358974359,0.8779204487800598
Setup_Default,What is Candidiasis?,"Candidiasis is an infection caused by a species of the yeast Candida, usually Candida albicans. It is a common cause of vaginal infections in women. It can also cause oral, skin, and other infections.","['Chapter 8 Infectious Diseases 241\n8\nFUNGAL INFECTIONS\nCandidiasis (Candida Species)\n■ Essentials of Diagnosis\n• Plaquelike or ulcerative lesions of oral mucosa (thrush)\n• Vulvovaginitis, skin fold infections, or paronychia\n• Esophageal, central nervous system, or disseminated disease in\nimmunosuppressed patients\n• Endocarditis in patients with prosthetic valves\n• A compatible clinical picture, susceptible host, and ﬁnding\nCandida in specimens establish diagnosis\n■ Differential Diagnosis', 'therapy or cause harmful effects.\nResources\nPERIODICALS\n“Marijuana as Medicine: How Strong is the Science?”Con-\nsumer Reports 62 (May 1997): 62.\nMorris, Kelly. “The Cannabis Remedy—Wonder Worker or\nEvil Weed?”The Lancet 350 (20 Dec.1997): 1828.\nNancy Ross-Flanigan\nCandida albicans infection see Candidiasis\nCandidiasis\nDefinition\nCandidiasis is an infection caused by a species of the\nyeast Candida, usually Candida albicans. This is a com-\nmon cause of vaginal infections in women. Also,Candida']","Candidiasis is an infection caused by a species of the yeast Candida, usually Candida albicans. This is a common cause of vaginal infections in women.",0.711864406779661,0.9666467905044556
Setup_Default,What are the symptoms of Tuberculosis?,"The symptoms of Tuberculosis include cough, dyspnea, fever, night sweats, weight loss, and hemoptysis. Additionally, general symptoms such as fever, malaise, and weight loss may also occur. These symptoms can be accompanied by evidence of urinary tract infection or sterile pyuria.","['238 Current Essentials of Medicine\n8\nTuberculosis (Mycobacterium tuberculosis)\n■ Essentials of Diagnosis\n• Most infections subclinical, with positive skin test only\n• Symptoms progressive and include cough, dyspnea, fever, night\nsweats, weight loss, and hemoptysis\n• In primary infection, mid-lung ﬁeld inﬁltrates with regional lym-\nphadenopathy; pleural effusion common\n• Apical ﬁbronodular pulmonary inﬁltrate on chest ﬁlm, with or\nwithout cavitation, is most typical in reactivated disease', 'Chapter 11 Genitourinary and Renal Disorders 329\n11\nTuberculosis of the Genitourinary Tract\n■ Essentials of Diagnosis\n• Fever, malaise, night sweats, weight loss; evidence of pulmonary\ntuberculosis in 50%\n• Symptoms or signs of urinary tract infection may be present\n• Nodular, indurated epididymis, testes, or prostate\n• Sterile pyuria or hematuria without bacteriuria; white blood cell\ncasts can be seen with renal parenchymal involvement']","Symptoms progressive and include cough, dyspnea, fever, night sweats, weight loss, and hemoptysis. In primary infection, mid-lung field infiltrates with regional lymphadenopathy; pleural effusion common.",0.33333333333333337,0.8783972859382629
Setup_Default,What are Calcium Channel Blockers?,"Calcium channel blockers are medicines that slow the movement of calcium into the cells of the heart and blood vessels. They relax blood vessels, increase oxygen-rich blood supply to the heart, and reduce the heart's workload. They are used to treat conditions such as high blood pressure, abnormal heart rhythms, and angina. They also treat panic attacks, bipolar disorder, and prevent migraine headaches.","['and reduces the heart’s workload.\nPurpose\nCalcium channel blockers are used to treat high\nblood pressure, to correct abnormal heart rhythms, and to\nrelieve the type of chest pain called angina pectoris.\nPhysicians also prescribe calcium channel blockers to\ntreat panic attacks and bipolar disorder (manic depres-\nsive illness) and to prevent migraine headache.\nPrecautions\nSeeing a physician regularly while taking calcium\nchannel blockers is important. The physician will check', 'CAH see Congenital adrenal hyperplasia\nCaisson disease see Decompression\nsickness\nCalcaneal spurs see Heel spurs\nCalcitonin see Bone disorder drugs\nCalcium carbonate see Antacids\nCalcium channel blockers\nDefinition\nCalcium channel blockers are medicines that slow\nthe movement of calcium into the cells of the heart and\nblood vessels. This, in turn, relaxes blood vessels,\nincreases the supply of oxygen-rich blood to the heart,\nand reduces the heart’s workload.\nPurpose']","Calcium channel blockers are medicines that slow the movement of calcium into the cells of the heart and blood vessels. This, in turn, relaxes blood vessels, increases the supply of oxygen-rich blood to the heart, and reduces the heart's workload.",0.4466019417475728,0.908674955368042
Setup_Default,What is Carbon Monoxide Poisoning?,"Carbon monoxide poisoning occurs from exposure to incomplete combustion of carbonaceous fossil fuels. It causes tissue hypoxia, affecting organs with high oxygen demand like the heart and brain. Symptoms are nonspecific and flulike, including fatigue, headache, and dizziness. Severe cases can lead to lethargy, seizures, and coma.","['Description\nCarbon monoxide, sometimes called coal gas, has\nbeen known as a toxic substance since the third century\nB.C. It was used for executions and suicides in early Rome.\nToday it is the leading cause of accidental poisoning in the\nUnited States. According to the Journal of the American\nMedical Association, 1,500 Americans die each year from\naccidental exposure to CO, and another 2,300 from inten-\ntional exposure (suicide). An additional 10,000 people', 'Chapter 22 Poisoning 549\n22\nCarbon Monoxide\n■ Essentials of Diagnosis\n• May result from exposure to any incomplete combustion of any\ncarbonaceous fossil fuel (eg, automobile exhaust, smoke inhala-\ntion, improperly vented gas heater)\n• Causes tissue hypoxia and thus affects the organs with highest\noxygen demand (heart, brain)\n• Symptoms nonspeciﬁc and ﬂulike: Fatigue, headache, dizziness,\nabdominal pain, nausea, confusion\n• With more severe intoxication, lethargy, syncope, seizures, coma']","Carbon monoxide (CO) poisoning occurs when carbon monoxide gas is inhaled. CO is a colorless, odorless, highly poisonous gas that is produced by incomplete combustion.",0.13888888888888892,0.7786107063293457
Setup_Default,What characterizes Tinea Versicolor?,"Finely scaling patches on the upper trunk and arms, usually asymptomatic. 
Lesions appear yellowish or brownish on pale skin, or hypopigmented on dark skin. 
It is caused by yeast of the genus Malassezia. 
Microscopic KOH exam shows short, thick hyphae and spores.","['446 Current Essentials of Medicine\nTinea Versicolor (Pityriasis Versicolor)\n■ Essentials of Diagnosis\n• Finely scaling patches on upper trunk and upper arms, usually\nasymptomatic\n• Lesions yellowish or brownish on pale skin, or hypopigmented on\ndark skin\n• Caused by yeast of the genus Malassezia\n• Short, thick hyphae and large numbers of spores on microscopic\nKOH examination\n• Wood’s light helpful in deﬁning extent of lesions\n■ Differential Diagnosis\n• Seborrheic dermatitis\n• Pityriasis rosea', 'Chapter 15 Dermatologic Disorders 445\nTinea Corporis (Ringworm, Dermatophytosis)\n■ Essentials of Diagnosis\n• Single or multiple circular, sharply circumscribed, erythematous,\nscaly plaques with elevated borders and central clearing\n• Frequently involves neck, extremities, or trunk\n• A deep, papulopustular form affecting follicles (Majocchi’s gran-\nuloma) may occur\n• Other types affect face (tinea faciei), hands (tinea manuum), feet\n(tinea pedis), groin (tinea cruris), and scalp (tinea capitis)']","Finely scaling patches on upper trunk and upper arms, usually asymptomatic. Lesions yellowish or brownish on pale skin, or hypopigmented on dark skin.",0.5846153846153845,0.9213331341743469
Setup_Default,What characterizes Urticaria (Hives)?,"Pale or red, evanescent, edematous papules or plaques surrounded by a red halo with severe itching or stinging. Wheals appear suddenly and resolve in hours. The condition can be acute (resolving within 6 weeks) or chronic. Subcutaneous swelling (angioedema) may also occur.","['Chapter 15 Dermatologic Disorders 447\nUrticaria (Hives) and Angioedema\n■ Essentials of Diagnosis\n• Pale or red, evanescent, edematous papules or plaques surrounded\nby red halo with severe itching or stinging; wheals appear suddenly\nand resolve in hours\n• Acute (complete remission within 6 weeks) or chronic\n• Subcutaneous swelling (angioedema) occurs alone or with\nurticaria; eyelids and lips often affected; respiratory involvement\nmay produce airway obstruction, and gastrointestinal involve-', '■ Differential Diagnosis\n• Hereditary or acquired complement-mediated angioedema\n• Physical urticarias (pressure, cold, heat, solar, vibratory, cholin-\nergic, aquagenic)\n• Urticarial hypersensitivity reactions to insect bites\n• Urticarial vasculitis\n• Bullous pemphigoid (urticarial phase)\n• Cutaneous mastocytosis\n• Erythema multiforme\n• Cryopyrin-associated periodic syndromes\n■ Treatment\n• Treat acute urticaria with antihistamines and avoid identiﬁed trig-']","Pale or red, evanescent, edematous papules or plaques surrounded by red halo with severe itching or stinging; wheals appear suddenly and resolve in hours.",0.6363636363636364,0.9207648038864136
Setup_Default,What characterizes Vitiligo?,"Depigmented white patches surrounded by a normal, hyperpigmented, or inflamed border. Hairs in the affected area usually turn white. The patches can be localized or generalized, with various subtypes. The condition can range from focal to universal, affecting the entire body surface.","['448 Current Essentials of Medicine\nVitiligo\n■ Essentials of Diagnosis\n• Depigmented white patches surrounded by a normal, hyperpig-\nmented, or occasionally inﬂamed border\n• Hairs in affected area usually turn white\n• Localized form may be focal, segmental, or mucosal\n• Generalized form most common; vulgaris subtype has widely\nscattered patches; acrofacial subtype affects distal ﬁngers and\nfacial oriﬁces\n• Universal form depigments entire body surface', 'extensive disease in highly selected patients\n■ Pearl\nAn under-appreciated part of the endocrine immunopathies; consider\nthyroid or other autoimmune diseases in symptomatic patients.\nReference\nWhitton ME, Ashcroft DM, González U. Therapeutic interventions for vitiligo.\nJ Am Acad Dermatol 2008;59:713. [PMID: 18793940]\n15']","Depigmented white patches surrounded by a normal, hyperpigmented, or occasionally inflamed border. Hairs in affected area usually turn white.",0.5901639344262295,0.9206957817077637
Setup_Enhanced,What is normal body temperature?,The normal body temperature is about **98.6 °F (37 °C)**.,"['average being 98.6°F (37°C). The body maintains stabili-\nty within this range by balancing the heat produced by the\nmetabolism with the heat lost to the environment. The\n“thermostat” that controls this process is located in the\nhypothalamus, a small structure located deep within the\nbrain. The nervous system constantly relays information\nabout the body’s temperature to the thermostat, which in\nturn activates different physical responses designed to\nGALE ENCYCLOPEDIA OF MEDICINE 2 1313\nFever', 'The most common reason for cooling a body is\nfever or hyperthermia (extremely high fever). The body\ncan sustain temperatures up to 104°F (40°C) with rela-\ntive safety; however, when temperatures rise above\n104°F (40°C), damage to the brain, muscles, blood, and\nkidneys is increasingly likely. Cooling treatments are\nalso applied immediately following sprains, bruises ,\nburns, eye injuries, and muscle spasms to help alleviate\nthe resulting swelling, pain, and discoloration of the skin.']","Normal body temperature averages 37°C (98.6°F). It varies slightly with time of day, activity, and age, but remains tightly regulated by hypothalamic control.",0.18181818181818182,0.7807257771492004
Setup_Enhanced,What is blood pressure?,"Blood pressure is the force exerted by circulating blood on the walls of blood vessels, expressed in millimeters of mercury (mm Hg).  
Normal values are below 140/90","['20 Current Essentials of Medicine\n1 Hypertension\n■ Essentials of Diagnosis\n• In most patients (95% of cases), no cause can be found\n• Chronic elevation in blood pressure (> 140/90 mm Hg) occurs in\n23% of non-Hispanic white adults and 32% of non-Hispanic black\nadults in the United States; onset is usually between ages 20 and 55\n• The pathogenesis is multifactorial: Environmental, dietary,\ngenetic, and neurohormonal factors all contribute', '340 Current Essentials of Medicine\n11\nHypertensive Nephrosclerosis\n■ Essentials of Diagnosis\n• Poorly controlled hypertension for more than 15 years; alterna-\ntively, severe, aggressive hypertension, especially in young blacks\n• With extreme blood pressure elevation, papilledema and\nencephalopathy may occur\n• Ultrasound reveals bilateral small, echogenic kidneys in advanced\ndisease\n• Proteinuria is usual\n• Biopsy can show thickened vessels and sclerotic glomeruli; malig-']","Blood pressure is the force exerted by circulating blood on arterial walls, expressed as systolic over diastolic pressure, reflecting cardiac output and vascular resistance.",0.39215686274509803,0.8472654819488525
Setup_Enhanced,What is hypertension?,"Hypertension is a chronic elevation of blood pressure above 140/90 mm Hg.  
In most patients (≈95 %) no specific cause is identified, and it is usually multifactorial—environmental, dietary, genetic, and neurohormonal factors all contribute.  
It is often asymptomatic, but severe cases may present with headache, epistaxis, or blurred vision.  
Target‑organ damage (heart, kidney, brain, retina, peripheral arteries) is the most common diagnostic finding.","['20 Current Essentials of Medicine\n1 Hypertension\n■ Essentials of Diagnosis\n• In most patients (95% of cases), no cause can be found\n• Chronic elevation in blood pressure (> 140/90 mm Hg) occurs in\n23% of non-Hispanic white adults and 32% of non-Hispanic black\nadults in the United States; onset is usually between ages 20 and 55\n• The pathogenesis is multifactorial: Environmental, dietary,\ngenetic, and neurohormonal factors all contribute', 'genetic, and neurohormonal factors all contribute\n• Most patients are asymptomatic; some, however, complain of\nheadache, epistaxis, or blurred vision if hypertension is severe\n• Most diagnostic study abnormalities are referable to “target organ”\ndamage: heart, kidney, brain, retina, and peripheral arteries\n■ Differential Diagnosis\nSecondary causes of hypertension:\n• Coarctation of the aorta\n• Renal insufﬁciency\n• Renal artery stenosis\n• Pheochromocytoma\n• Cushing’s syndrome']","Hypertension is a chronic condition where blood pressure persistently exceeds 140/90 mmHg, increasing risk of heart disease, stroke, kidney damage, and other complications.",0.20930232558139536,0.8164374828338623
Setup_Enhanced,What is hemoglobin?,"Hemoglobin is the oxygen‑carrying pigment found in red blood cells.  
It is a large molecule produced in the bone marrow from two components: heme and globin.  
Defects in its production can be genetic (errors in heme or globin synthesis) or acquired.","['Hemoglobin is the oxygen-carrying pigment found\nin red blood cells. It is a large molecule made in the bone\nmarrow from two components, heme and globin.\nDefects in hemoglobin production may be either\ngenetic or acquired. The genetic defects are further sub-\ndivided into errors of heme production (porphyria), and\nthose of globin production (known collectively as the\nhemoglobinopathies).\nThere are two categories of hemoglobinopathy. In\nthe first category, abnormal globin chains give rise to', 'affecting hemoglobin, among which are the thalassemias\nand sickle cell anemia.\nDescription\nAt birth, the newborn’s blood is comprised of\n60%–90% of fetal hemoglobin. The fetal hemoglobin\nthen rapidly decreases to 2% or less after the second to\nfourth years. By the time of adulthood, only traces (0.5%\nor less) are found in the bloodstream.\nIn some diseases associated with abnormal hemo-\nglobin production (see Hemoglobinopathy, below), fetal\nhemoglobin may persist in larger amounts. When this']",Hemoglobin is an iron-containing protein in red blood cells responsible for transporting oxygen from lungs to tissues and returning carbon dioxide to lungs.,0.21875,0.8288378119468689
Setup_Enhanced,What is anemia?,"Anemia is a condition in which there is an abnormally low number of red blood cells in the bloodstream.  
Major symptoms include paleness, shortness of breath, unusually fast or strong heartbeats, and tiredness.","['Anemia—A condition in which there is an abnor-\nmally low number of red blood cells in the blood-\nstream. Major symptoms are paleness, shortness of\nbreath, unusually fast or strong heart beats, and\ntiredness.\nAntibody —A protein molecule produced by the\nimmune system in response to a protein that is not\nrecognized as belonging in the body.\nAntigen —A protein that can elicit an immune\nresponse in the form of antibody formation. With\nregard to red blood cells, the major antigens are A,', '112 Current Essentials of Medicine\n5\nAnemia of Chronic Disease\n■ Essentials of Diagnosis\n• Known chronic disease, particularly inﬂammatory; symptoms\nand signs usually those of responsible disease\n• Modest anemia (hematocrit [Hct] ≥ 25%); red cells normal mor-\nphologically but may be slightly microcytic\n• Low serum iron with normal or low total iron-binding capacity,\nnormal or high serum ferritin, normal or increased bone marrow\niron stores, low soluble transferrin receptor and soluble transfer-']","Anemia is a condition characterized by reduced hemoglobin or red blood cells, leading to decreased oxygen delivery, causing fatigue, weakness, pallor, and shortness of breath.",0.3448275862068965,0.8662633299827576
Setup_Enhanced,What is heart rate?,"Heart rate is the number of heartbeats per minute.  
In adults, a typical ventricular rate falls between 100 and 140 bpm; if it drops below 100 bpm the rhythm may be a wandering atrial pacemaker.  
For an unborn baby, a normal heart rate ranges from 120 to 160 bpm, and it may rise briefly with movement.","['phologies with varying PR intervals\n• Ventricular rate usually between 100 and 140 beats/min; if < 100,\nrhythm is wandering atrial pacemaker\n■ Differential Diagnosis\n• Normal sinus rhythm with multiple premature atrial contractions\n• Atrial ﬁbrillation\n• Atrial ﬂutter with variable block\n• Reentry tachycardia with variable block\n■ Treatment\n• Treatment of the underlying disorder is most important\n• Verapamil particularly useful for rate control; digitalis ineffective', 'women in labor might not be indicated. Many physicians,\nhowever, continue to use EFM routinely, and believe it to\nbe of value in both low-risk and high-risk labors.\nNormal results\nAn unborn baby’s heart rate normally ranges from\n120–160 beats per minute (bpm). A baby who is receiv-\ning enough oxygen through the placenta will move\naround. The monitor strip will show the baby’s heart rate\nrising briefly as he/she moves (just as an adult’s heart\nrate rises when he/she moves).']",Heart rate is the number of heartbeats per minute. Normal resting rate in adults ranges from 60 to 100 beats per minute.,0.3846153846153846,0.8680849671363831
Setup_Enhanced,What is myocardial infarction?,"Myocardial infarction is a cardiac condition that is listed among the differential diagnoses for the presentation described in the context. It is a disease that can mimic the symptoms and electrocardiographic changes seen in pericardial disease, such as chest pain and abnormal ST‑segment patterns.","['of diagnosis and management. Cardiol J 2008;15:493. [PMID: 19039752]', 'friction rub; cardiac tamponade may occur in any patient\n• Electrocardiography usually shows PR depression, diffuse concave\nST-segment elevation followed by T-wave inversions; no recip-\nrocal changes are seen\n• Echocardiography may reveal pericardial effusion\n■ Differential Diagnosis\n• Acute myocardial infarction\n• Aortic dissection\n• Pulmonary embolism\n• Pneumothorax\n• Pneumonia\n• Cholecystitis and pancreatitis\n■ Treatment\n• Aspirin or nonsteroidal anti-inﬂammatory agents such as ibupro-']","Myocardial infarction occurs when blood flow to heart muscle is blocked, causing tissue death due to oxygen deprivation, commonly known as a heart attack.",0.14705882352941177,0.7898349761962891
Setup_Enhanced,What is angina pectoris?,"Angina pectoris is chest pain caused by atherosclerotic coronary artery disease and severe coronary obstruction.  
Risk factors include cigarette smoking, diabetes mellitus, hypertension, hypercholesterolemia, and family history.  
Stable angina presents as a pressure‑like, episodic precordial discomfort that is triggered by exertion or stress and is relieved by rest.","['4 Current Essentials of Medicine\n1 Angina Pectoris\n■ Essentials of Diagnosis\n• Generally caused by atherosclerotic coronary artery disease and\nsevere coronary obstruction; cigarette smoking, diabetes mellitus,\nhypertension, hypercholesterolemia, and family history are estab-\nlished risk factors\n• Stable angina characterized by pressure-like episodic precordial\nchest discomfort, precipitated by exertion or stress, relieved by rest', '28 Current Essentials of Medicine\n1 Prinzmetal’s Angina\n■ Essentials of Diagnosis\n• Caused by intermittent focal spasm of an otherwise normal coro-\nnary artery\n• Associated with migraine, Raynaud’s phenomenon\n• The chest pain resembles typical angina, but often is more severe\nand occurs at rest\n• Affects women under 50, occurs in the early morning, and typi-\ncally involves the right coronary artery\n• Electrocardiography shows ST-segment elevation, but enzyme\nstudies are normal']","Angina is chest discomfort caused by reduced blood supply to heart muscle, often triggered by exertion or stress, relieved by rest or medication.",0.28169014084507044,0.8361576795578003
Setup_Enhanced,What is atherosclerosis?,"Atherosclerosis is the buildup of a fatty substance called plaque inside blood vessels.  
The plaque can narrow the vessels, restricting blood flow.  
Elevated triglyceride levels contribute to the development of atherosclerosis.  
It is a major risk factor for heart disease.","['Angiotensin-converting enzyme (ACE) inhibitor—A\ndrug that relaxes blood vessel walls and lowers\nblood pressure.\nAtherosclerosis —Buildup of a fatty substance\ncalled a plaque inside blood vessels.\nCardiac catheterization—A diagnostic test for eval-\nuating heart disease; a catheter is inserted into an\nartery and passed into the heart.\nCardiomyopathy—Disease of the heart muscle.\nCongestive cardiomyopathy —Also called dilated\ncardiomyopathy; cardiomyopathy in which the', 'Triglyceride —A fat that comes from food or is\nmade from other energy sources in the body. Ele-\nvated triglyceride levels contribute to the develop-\nment of atherosclerosis.\nusually called coronary angioplasty, is a non-surgical\nprocedure. A catheter tipped with a balloon is threaded\nfrom a blood vessel in the thigh into the blocked artery.\nThe balloon is inflated, compressing the plaque to\nenlarge the blood vessel and open the blocked artery. The']","Atherosclerosis is buildup of fatty plaques in arteries, narrowing them and reducing blood flow, increasing risk of heart attack, stroke, and peripheral vascular disease.",0.28125000000000006,0.8679537773132324
Setup_Enhanced,What is respiration?,"Respiration is the act of breathing. It is the process by which air is taken into and expelled from the lungs, allowing the body to exchange oxygen and carbon dioxide. This gas‑exchange is essential for maintaining circulation and supporting overall bodily functions, as highlighted in the context of cardiopulmonary resuscitation (CPR).","['thin membrane covering the brain and spinal cord.\nMetabolism—The chemical process by which the\nbody turns food into energy, which can be given\noff as heat.\nPyrogen—A chemical circulating in the blood that\ncauses a rise in body temperature.\nReye’s syndrome—A disorder principally affecting\nthe liver and brain, marked by the rapid develop-\nment of life-threatening neurological symptoms.\nmay be ordered if the doctor cannot readily determine the\ncause of a fever.\nTreatment', 'Cardiopulmonary\nresuscitation (CPR)\nDefinition\nCardiopulmonary resuscitation (CPR) is a procedure\nto support and maintain breathing and circulation for a\nGALE ENCYCLOPEDIA OF MEDICINE 2 661\nCardiopulmonary resuscitation (CPR)']","Respiration is the process of inhaling oxygen and exhaling carbon dioxide, involving lungs and blood circulation to maintain cellular metabolism and energy production.",0.2702702702702703,0.8325923681259155
Setup_Enhanced,What is asthma?,"Asthma is a disease in which the air passages of the lungs become inflamed and narrowed.  
It presents with episodic wheezing, cough, and dyspnea, often worsening at night.  
Triggers include allergens, smoke, viral infections, aspirin, cold air, exercise, and stress.  
The condition is characterized by prolonged expiratory time, wheezing, and peripheral eosinophilia.","['Chapter 2 Pulmonary Diseases 43\n2\nAsthma\n■ Essentials of Diagnosis\n• Episodic wheezing, cough, and dyspnea; poorly controlled chronic\ndyspnea or chest tightness; can present as nighttime cough\n• Triggers include: allergens (pets), irritants (smoke), infections\n(viral), drugs (aspirin), cold air, exercise, stress\n• Prolonged expiratory time, wheezing; if severe, pulsus paradoxus \n• Peripheral eosinophilia; mucus casts, eosinophils in sputum', 'mg in 24 hours.\nKEY TERMS\nAsthma—A disease in which the air passages of\nthe lungs become inflamed and narrowed.\nBronchitis —Inflammation of the air passages of\nthe lungs.\nChronic—A word used to describe a long-lasting\ncondition. Chronic conditions often develop grad-\nually and involve slow changes.\nCough suppressant —Medicine that stops or pre-\nvents coughing.\nEmphysema —An irreversible lung disease in\nwhich breathing becomes increasingly difficult.\nMucus—Thick fluid produced by the moist mem-']","Asthma is a chronic inflammatory disease of airways causing reversible narrowing, leading to wheezing, breathlessness, chest tightness, and coughing, especially at night or early morning.",0.2077922077922078,0.8391062617301941
Setup_Enhanced,What is pneumonia?,"Pneumonia is an infection that inflames the lungs. The air sacs (alveoli) become swollen and may fill with pus or fluid, which blocks oxygen from entering the bloodstream. This deprives the blood and body tissues of oxygen. Pneumonia can be caused by viruses, bacteria, or other organisms, including certain Chlamydia species.","['Description\nPneumonia is an infection of the lungs. The air sacs\n(alveoli) and/or the tissues of the lungs become swollen,\nand the alveoli may fill with pus or fluid. This prevents the\nlungs from taking in sufficient oxygen, which deprives the\nblood and the rest of the body’s tissues of oxygen.\nThere are three major types of Chlamydia: Chlamy-\ndia psittaci, Chlamydia pneumoniae, and Chlamydia tra-\nchomatis. Each of these has the potential to cause a type\nof pneumonia.\nCauses and symptoms', 'mally mild in a healthy individual, but which takes\nadvantage of an ill person’s weakened immune sys-\ntem to move into the body, grow, spread, and cause\nserious illness.\nPneumonia —Inflammation of the lungs, typically\ncaused by a virus, bacteria, or other organism.\nNational Aids Clearinghouse. 800-458-5231.\nNational Aids Hotline. 800-342-AIDS.\nProject Inform. 205 13th Street, #2001, San Francisco, CA\n94103. (800) 822-7422. <http://www.projinf.org>.\nOTHER']","Pneumonia is infection of lung tissue causing inflammation of alveoli, often filled with fluid or pus, resulting in fever, cough, difficulty breathing, and chest pain.",0.1842105263157895,0.8251907825469971
Setup_Enhanced,What is hypoxia?,"I’m sorry, but the provided context does not contain any information about hypoxia, so I can’t answer that question based on the given material.","['Chapter 10 Fluid, Acid–Base, and Electrolyte Disorders 317\n10\nHypomagnesemia\n■ Essentials of Diagnosis\n• Muscle restlessness or cramps, weakness, athetoid movements,\ntwitching or tremor, delirium, seizures\n• Muscle wasting, hyperreﬂexia, Babinski’s sign, nystagmus, hyper-\ntension\n• Serum magnesium < 1.5 mEq/L; decreased calcium, potassium\noften associated\n• Electrocardiographic changes: Tachycardia, premature atrial or\nventricular beats, increased QT interval, ventricular tachycardia', '318 Current Essentials of Medicine\n10\nHyponatremia\n■ Essentials of Diagnosis\n• Nausea, headache, weakness, irritability, mental confusion (espe-\ncially with serum sodium < 120 mEq/L, developing rapidly)\n• Generalized seizures, lethargy, coma, respiratory arrest, and death\nmay result, yet slowly developing cases may be asymptomatic\n• Serum sodium < 135 mEq/L;  osmolality < 280 mEq/L (hypo-\ntonic hyponatremia); hypouricemia if syndrome of inappropriate']","Hypoxia is a condition where body tissues receive insufficient oxygen, leading to cellular dysfunction and potential organ damage if prolonged or severe.",0.0,0.7276394367218018
Setup_Enhanced,What is digestion?,"Digestion is the mechanical, chemical, and enzymatic process by which food is broken down into materials that the body can use. It involves the conversion of complex food substances into simpler forms that can be absorbed and utilized by the body.","['Digestion—The mechanical, chemical, and enzy-\nmatic process in which food is converted into the\nmaterials suitable for use by the body.\nEnzyme—A substance produced by the body to\nassist in a chemical reaction. In carbohydrate\nintolerance, lack of an enzyme makes it impossi-\nble for one type of sugar to be broken down into a\nsimpler form so that it can be absorbed by the\nintestines and used by the body.\nMetabolism —All the physical and chemical\nchanges that take place within an organism.', 'vide secretions needed for the digestion of food.\nDuodenum—The first part of the small intestine.\nGaucher’s disease—A rare genetic disease caused\nby a deficiency of enzymes needed for the pro-\ncessing of fatty acids.\nMetabolism —The system of chemical processes\nnecessary for living cells to remain healthy.\nments, perhaps one or two per day. This is also consid-\nered a positive effect.\nPlant enzymes are safe for pregnant women,\nalthough they should always check with a doctor before']","Digestion is the process of breaking down food into smaller molecules for absorption and use by the body, involving mechanical and chemical processes.",0.3125,0.8915279507637024
Setup_Enhanced,What is gastritis?,"Gastritis is inflammation of the stomach lining that can be acute (erosive) or indolent (atrophic) and has many varied causes.  
Symptoms are often vague—nausea, vomiting, anorexia, nonspecific upper abdominal discomfort—and may include mild epigastric tenderness or be asymptomatic.  
Diagnosis is confirmed by endoscopy with gastric biopsy; associated findings can include iron‑deficiency anemia, low gastric pH, elevated serum chromogranin A, renal insufficiency, and increased gastrin from proton‑pump inhibitor use.  
Diarrhea may occur from pancreatic enzyme inactivation and is relieved by immediate nasogastric suction.","['Chapter 3 Gastrointestinal Diseases 83\n3\nGastritis\n■ Essentials of Diagnosis\n• May be acute (erosive) or indolent (atrophic); multiple varied causes\n• Symptoms often vague and include nausea, vomiting, anorexia,\nnondescript upper abdominal distress\n• Mild epigastric tenderness to palpation; in some, physical signs\nabsent\n• Iron deﬁciency anemia not unusual\n• Endoscopy with gastric biopsy for deﬁnitive diagnosis\n• Multiple associations include stress and diminished mucosal blood', 'ting of a low gastric pH; elevated serum chromogranin A; renal\ninsufﬁciency; proton pump inhibitors can also raise serum gastrin\n• Diarrhea common, caused by inactivation of pancreatic enzymes;\nrelieved by nasogastric tube suctioning immediately\n• Gastrinomas may arise in pancreas, duodenum, or lymph nodes;\n> 50% are malignant but not usually aggressive\n• Localization techniques include somatostatin receptor scintigra-\nphy, thin-cut CT, MRI, endoscopic ultrasound, or intraoperative\nlocalization']","Gastritis is inflammation of stomach lining caused by infection, stress, alcohol, or drugs, leading to pain, nausea, vomiting, and possible bleeding.",0.1941747572815534,0.8017247915267944
Setup_Enhanced,What is jaundice?,"Jaundice is a condition in which the skin and the whites of the eyes become yellowish.  
It occurs when bilirubin, a liver‑produced compound, builds up in the blood.  
High bilirubin levels (hyperbilirubinemia) can lead to serious complications such as kernicterus, where bilirubin deposits in the brain.  
Thus, jaundice is essentially a visible sign of excess bilirubin in the body.","['Jaundice—A condition where the skin and whites\nof the eyes take on a yellowish color due to an\nincrease of bilirubin (a compound produced by\nthe liver) in the blood.\nReye’s syndrome —A serious, life-threatening ill-\nness in children, usually developing after a bout of\nflu or chickenpox, and often associated with the\nuse of aspirin. In fatal cases, there is evidence of\naccumulation of fat in the liver.\nTriglycerides—A type of fat consumed in the diet\nand produced by and stored in the body as an', 'accumulate, causing hyperbilirubinemia, a condition in\nwhich the baby becomes jaundiced. The jaundice is\napparent from the yellowish tone of the baby’s eyes and\nskin. If hyperbilirubinemia cannot be controlled, the\nbaby develops kernicterus. The term kernicterus means\nthat bilirubin is being deposited in the brain, possibly\ncausing permanent damage.\nOther symptoms that may be present include high\nlevels of insulin and low blood sugar, as well as a condi-']","Jaundice is yellow discoloration of skin and eyes due to increased bilirubin levels, often caused by liver disease, bile duct obstruction, or hemolysis.",0.1951219512195122,0.8412266373634338
Setup_Enhanced,What is diarrhea?,"Diarrhea is a condition marked by frequent, loose or watery stools.  
It is often caused by infection and can lead to dehydration and other complications.  
Dysentery is a specific type of diarrhea that is characterized by the presence of mucus and blood in the stools.","['KEY TERMS\nDysentery —A type of diarrhea caused by infec-\ntion and characterized by mucus and blood in the\nstools.\nEmpirical treatment —Medical treatment that is\ngiven on the basis of the doctor’s observations and\nexperience.\nEscherichia coli —A type of enterobacterium that\nis responsible for most cases of severe bacterial\ndiarrhea in the United States.\nHemolytic-uremic syndrome (HUS)—A potential-\nly fatal complication of E. coli infections character-', 'the United States each year because of one of these\nepisodes. Rapid diagnosis and proper treatment can pre-\nvent much of the suffering associated with these devas-\ntating illnesses.\nChronic diarrhea also has a considerable effect on\nhealth, as well as on social and economic well being.\nPatients with celiac disease , inflammatory bowel dis-\nease, and other prolonged diarrheal illnesses develop\nnutritional deficiencies that diminish growth and immu-']","Diarrhea is frequent passage of loose or watery stools, commonly due to infection, food intolerance, or gastrointestinal disorders, leading to dehydration and electrolyte imbalance.",0.26086956521739135,0.8636593222618103
Setup_Enhanced,What is constipation?,"Constipation is defined as infrequent bowel movements associated with difficulty passing stools, which are often hard in consistency. It can cause painful defecation and may lead to stool withholding and encopresis. The condition may arise from anatomic abnormalities, neurologic problems, or endocrine disorders, but in most cases no specific cause is identified. A positive family history can sometimes be noted.","['484 Current Essentials of Medicine\n18\nConstipation\n■ Essentials of Diagnosis\n• Deﬁned as infrequent bowel movements associated with difﬁ-\nculty passing; stools are often hard in consistency\n• Can lead to painful defecation and eventually stool withholding\nand encopresis\n• May be caused by anatomic abnormalities, neurologic problems, or\nendocrine disorders; in most cases, however, no cause is identiﬁed\n• A positive family history may be elicited', 'Chronic constipation may be a symptom of colorec-\ntal cancer, depression, diabetes, diverticulosis (small\npouches in the muscles of the large intestine), lead poi-\nsoning, or Parkinson’s disease.\nIn someone who is elderly or disabled, constipation\nmay be a symptom of bowel impaction, a more serious\ncondition in which feces are trapped in the lower part of\nthe large intestine. A doctor should be called if an elderly\nor disabled person is constipated for a week or more or if']","Constipation is infrequent or difficult bowel movements, often caused by low fiber intake, dehydration, or reduced physical activity, leading to discomfort and straining.",0.1927710843373494,0.8414312601089478
Setup_Enhanced,What is neuron?,A neuron is a cell within the body that forms part of the nervous system. It is specifically the cell type along which information travels.,"['organ or organism.\nNeuron—The cells within the body which make\nup the nervous system, specifically those along\nwhich information travels.\nPhysiological—Pertaining to the functioning of an\norgan, as governed by the interactions between its\nphysical and chemical conditions.\nPsychological—Pertaining to the mind, its mental\nprocesses, and its emotional makeup.\nStimulus/stimuli —Action or actions performed\non an individual which predictably provoke(s) a\nreaction.', 'Peripheral nerves —Nerves throughout the body\nthat carry information to and from the spinal cord.']",Neuron is the basic functional unit of nervous system responsible for transmitting electrical and chemical signals between different parts of body.,0.21739130434782608,0.8345495462417603
Setup_Enhanced,What is stroke?,"Stroke is a cerebrovascular event, most commonly ischemic, that may present as a transient ischemic attack (TIA) or full‑blown stroke.  
Treatment typically involves antiplatelet therapy with dipyridamole and aspirin unless anticoagulation is required (e.g., atrial fibrillation or mechanical valve).  
Management also focuses on controlling risk factors such as hypertension, hypercholesterolemia, and tobacco use, and may include carotid end","['Athetosis —A condition marked by slow, writhing,\ninvoluntary muscle movements.\nCerebral palsy—Movement disability resulting from\nnonprogressive brain damage.\nCoagulopathy—A disorder in which blood is either\ntoo slow or too quick to coagulate (clot).\nContracture—A tightening of muscles that prevents\nnormal movement of the associated limb or other\nbody part.\nCytokine—A protein associated with inflammation\nthat, at high levels, may be toxic to nerve cells in\nthe developing brain.', 'tion of dipyr idamole and aspirin for all ischemic stroke or TIA\nwithout an indication for anticoagulation\n• Anticoagulation for stroke or TIA due to atrial ﬁbrillation, metal\nheart valve\n• Control of ri sk factors, especi ally hypertensi on, hypercholes-\nterolemia, and tobacco use\n• Carotid endarterectomy for patients with carotid stenosis\n■ Pearl\nA stroke is never a stroke until it’s had 50 of D50.\nReference\nBiller J. Antiplatelet therapy in ischemic stroke. J Neurol Sci 2009;284:1. [PMID:']","Stroke occurs when blood supply to part of brain is interrupted or reduced, causing brain cell death and leading to neurological deficits like paralysis or speech loss.",0.09411764705882353,0.7379188537597656
Setup_Enhanced,What is epilepsy?,"Epilepsy is a neurological disorder characterized by a tendency toward recurrent seizures. These seizures are paroxysmal, transitory alterations of central nervous system function that may be generalized or focal, and may occur with or without an alteration of consciousness.","['Chapter 12 Neurologic Diseases 357\nIdiopathic Epilepsy\n■ Essentials of Diagnosis\n• Epilepsy is the tendency toward recurrent seizures\n• Seizures are paroxysmal, transitory alterations of central nervous\nsystem function; may be generalized or focal with or without alter-\nation of consciousness\n• Metabolic panel to rule out sodium, glucose, or calcium disorders;\nurine toxicology screen; antiepileptic drug levels may be helpful\n• CT or MRI important to rule out structural lesion; lumbar punc-', '1153\nElectrolyte disorders\nKEY TERMS\nEpilepsy —A neurological disorder characterized\nby recurrent seizures with or without a loss of con-\nsciousness.\nIctal EEG—Used to measure brain activity during\na seizure. May be useful in learning more about\npatients who aren’t responding to conventional\ntreatments.']","Epilepsy is a neurological disorder characterized by recurrent seizures due to abnormal electrical activity in brain, affecting consciousness, movement, or behavior.",0.3333333333333333,0.8683933019638062
Setup_Enhanced,What is reflex action?,The provided context does not contain a definition or description of reflex action.,"['Boston: Butterworth-Heinemann, 1994.\nOffice Practice of Neurology.Samuels, Martin and Steven\nFeske, eds. New York: Churchill Livingstone, 1996.\nRichard Robinson\nKEY TERMS\nNerve conduction velocity test —A test of the\nspeed of conduction of nerves, performed on the\nnerves in the arm and leg.\nEvoked responses see Evoked potential\nstudies\nExanthema subitum see Roseola\nExercise\nDefinition\nExercise is physical activity that is planned, struc-\ntured, and repetitive for the purpose of conditioning any', 'The third technique is called myofascial release.\nThis is a manipulative form of bodywork that releases\ntension in the fascia or connective tissue of the body.\nThis form of bodywork uses stronger touch.\nUpledger’s fourth technique is position of release.\nThis involves following the client’s body into the posi-\ntions in which an injury occurred and holding it there.\nWhen the rhythm of the CSR suddenly stops the therapist\nknows that the trauma has been released.']","Reflex action is an automatic, rapid response to a stimulus without conscious control, mediated through spinal cord pathways for protection and quick reaction.",0.1111111111111111,0.755316972732544
Setup_Enhanced,What is coma?,"Coma, from the Greek word “koma” meaning deep sleep, is a state of extreme unresponsiveness in which an individual shows no voluntary movement or behavior. Even painful stimuli fail to elicit a response, and normal reflexes may be lost. It is diagnosed by blood work and urinalysis for metabolic causes, and by CT or MRI scans for anatomic causes. Coma is a medical emergency that requires immediate airway management, ventilation, and circulatory support.","['Carol A. Turkington\nComa\nDefinition\nComa, from the Greek word “koma,” meaning deep\nsleep, is a state of extreme unresponsiveness, in which an\nindividual exhibits no voluntary movement or behavior.\nFurthermore, in a deep coma, even painful stimuli\n(actions which, when performed on a healthy individual,\nresult in reactions) are unable to affect any response, and\nnormal reflexes may be lost.\nDescription\nComa lies on a spectrum with other alterations in con-', 'Metabolic causes of coma are diagnosed from blood\nwork and urinalysis to evaluate blood chemistry, drug\nscreen, and blood cell abnormalities that may indicate\ninfection. Anatomic causes of coma are diagnosed from\ncomputed tomography scans (CT) or magnetic reso-\nnance imaging (MRI) scans.\nTreatment\nComa is a medical emergency, and attention must\nfirst be directed to maintaining the patient’s respiration\nand circulation, using intubation aand ventilation, admin-']",Coma is a prolonged state of unconsciousness where a person cannot be awakened and does not respond to stimuli due to severe brain dysfunction.,0.18556701030927833,0.7958844304084778
Setup_Enhanced,What is hormone?,"A hormone is a chemical messenger secreted by a gland (or certain other cells) and released into the bloodstream. It travels through the blood to distant cells, where it binds to receptors and regulates metabolic or physiological activities.","['Hormone —A chemical messenger produced by\nthe endocrine glands or certain other cells. Hor-\nmones are usually carried in the blood stream and\nregulate some metabolic activities.\nSteroids—Hormones, including aldosterone, cor-\ntisol, and androgens, derived from cholesterol that\nshare a four-ring structure.\nopenings for surgical instruments. Adrenalectomy is fol-\nlowed by hormone therapy, but in lower doses than CAH\npatients not treated surgically receive.\nPrognosis', 'Hormone —A chemical messenger secreted by a\ngland and released into the blood, which allows it\nto travel to distant cells where it exerts an effect.\nOvary—One of the two almond-shaped glands in\nthe female body that produces the hormones\nestrogen and progesterone.\nOvulation —The monthly release of an egg from\nan ovary.\nProgesterone —The hormone produced by the\novary after ovulation that prepares the uterine lin-\ning for a fertilized egg.\nUterus—The female reproductive organ that con-']","Hormones are chemical messengers secreted by endocrine glands that regulate body functions such as growth, metabolism, reproduction, and homeostasis.",0.14035087719298245,0.8118836879730225
Setup_Enhanced,What is diabetes mellitus?,"Diabetes mellitus is a metabolic disorder in which the pancreas fails to produce sufficient insulin or the body’s cells cannot effectively use insulin. This leads to elevated blood glucose levels, causing symptoms such as polyuria, polydipsia, and weight loss. It is diagnosed when fasting plasma glucose is ≥126 mg/dL or random plasma glucose is ≥200 mg/dL with symptoms, often accompanied by glycosuria.","['York: McGraw-Hill, 1997.\nPERIODICALS\nAdam, Patricia. “Evaluation and Management of Diabetes\nInsipidus.” American Family Physician 55, no. 6 (1 May\n1997): 2146+.\nSinger, Irwin, et al. “The Management of Diabetes Insipidus in\nAdults.” Archives of Internal Medicine 157, no. 12 (23\nJune 1997): 1293+.\nRosalyn Carson-DeWitt, MD\nDiabetes mellitus\nDefinition\nDiabetes mellitus is a condition in which the pan-\ncreas no longer produces enough insulin or when cells', '200 Current Essentials of Medicine\n7\nType 1 Diabetes Mellitus\n■ Essentials of Diagnosis\n• Crisp onset, no family history\n• Polyuria, polydipsia, weight loss\n• Fasting plasma glucose ≥ 126 mg/dL; random plasma glucose\n≥ 200 mg/dL with symptoms; glycosuria\n• Associated with ketosis in untreated state; may present as med-\nical emergency (diabetic ketoacidosis)\n• Long-term risks include retinopathy, nephropathy, neuropathy,\nand cardiovascular disease\n■ Differential Diagnosis']",Diabetes mellitus is a metabolic disorder characterized by high blood glucose levels due to insufficient insulin production or impaired insulin action.,0.2891566265060241,0.8364237546920776
Setup_Enhanced,What is insulin?,"Insulin is a hormone produced by the pancreas.  
It binds to a receptor on the outside of cells, acting like a key that opens a doorway.  
Through this doorway glucose can enter the cell, where it may be converted to glycogen or fatty acids for storage.  
When the pancreas does not produce enough insulin or the cell’s doorway no longer recognizes the insulin key, glucose remains in the blood instead of entering cells.","['the pancreas, an organ located behind the stomach.\nInsulin bonds to a receptor site on the outside of cell and\nacts like a key to open a doorway into the cell through\nwhich glucose can enter. Some of the glucose can be\nconverted to concentrated energy sources like glycogen\nor fatty acids and saved for later use. When there is not\nenough insulin produced or when the doorway no longer\nrecognizes the insulin key, glucose stays in the blood\nrather entering the cells.', 'York: McGraw-Hill, 1997.\nPERIODICALS\nAdam, Patricia. “Evaluation and Management of Diabetes\nInsipidus.” American Family Physician 55, no. 6 (1 May\n1997): 2146+.\nSinger, Irwin, et al. “The Management of Diabetes Insipidus in\nAdults.” Archives of Internal Medicine 157, no. 12 (23\nJune 1997): 1293+.\nRosalyn Carson-DeWitt, MD\nDiabetes mellitus\nDefinition\nDiabetes mellitus is a condition in which the pan-\ncreas no longer produces enough insulin or when cells']",Insulin is a hormone produced by pancreas that regulates blood glucose by facilitating uptake of glucose into cells for energy and storage.,0.2736842105263158,0.8298602104187012
Setup_Enhanced,What is hyperthyroidism?,"Hyperthyroidism is a thyroid disorder that is usually managed initially with antithyroid medications. In older adults (over 60), it can be easily mistaken for hypothyroidism, as the clinical presentation becomes atypical with age.","['roidism, treat ﬁrst with antithyroid drugs\n• Subtotal thyroidectomy for failure of medical therapy if radioac-\ntive iodine is contraindicated (eg, pregnancy) or for very large\nnodular goiters; euthyroid state should be achieved medically\nbefore surgery\n■ Pearl\nIn patients older than 60, when you think hyperthyroidism, it’s usually\nhypothyroidism, and when you think hypothyroidism, it’s usually hyper-\nthyroidism; the diseases become increasingly atypical with age.\nReference', 'Chapter 7 Endocrine Disorders 179\n7\nAdult Hypothyroidism and Myxedema\n■ Essentials of Diagnosis\n• Fatigue, cold intolerance, constipation, muscle cramps, weight\ngain, depression, altered mentation, menstrual irregularity \n• Hypothermia, bradycardia, dry skin with yellow tone (carotenemia);\nnonpitting edema, macroglossia, delayed relaxation of deep tendon\nreﬂexes\n• Low serum free thyroxine (FT4); thyroid-stimulating hormone (TSH)\nelevated in primary hypothyroidism; anemia, hypercholesterolemia']","Hyperthyroidism is condition where thyroid gland produces excess hormones, increasing metabolism, causing weight loss, rapid heartbeat, nervousness, and heat intolerance.",0.11320754716981132,0.7902053594589233
Setup_Enhanced,What is hypothyroidism?,"Hypothyroidism is a disorder of inadequate thyroid hormone production.  
It presents with fatigue, cold intolerance, constipation, muscle cramps, weight gain, depression, altered mentation, menstrual irregularity, hypothermia, bradycardia, dry yellow‑tinged skin, non‑pitting edema, macroglossia, and delayed deep‑tendon reflexes.  
Laboratory findings include low serum free thyroxine (FT4) and, in primary disease, an elevated thyroid‑stimulating hormone (TSH).  
Treatment is initiated with antithyroid drugs, and subtotal thyroidectomy is reserved for cases where medical therapy fails or radioactive iodine is contraindicated.","['Chapter 7 Endocrine Disorders 179\n7\nAdult Hypothyroidism and Myxedema\n■ Essentials of Diagnosis\n• Fatigue, cold intolerance, constipation, muscle cramps, weight\ngain, depression, altered mentation, menstrual irregularity \n• Hypothermia, bradycardia, dry skin with yellow tone (carotenemia);\nnonpitting edema, macroglossia, delayed relaxation of deep tendon\nreﬂexes\n• Low serum free thyroxine (FT4); thyroid-stimulating hormone (TSH)\nelevated in primary hypothyroidism; anemia, hypercholesterolemia', 'roidism, treat ﬁrst with antithyroid drugs\n• Subtotal thyroidectomy for failure of medical therapy if radioac-\ntive iodine is contraindicated (eg, pregnancy) or for very large\nnodular goiters; euthyroid state should be achieved medically\nbefore surgery\n■ Pearl\nIn patients older than 60, when you think hyperthyroidism, it’s usually\nhypothyroidism, and when you think hypothyroidism, it’s usually hyper-\nthyroidism; the diseases become increasingly atypical with age.\nReference']","Hypothyroidism is condition of reduced thyroid hormone production, leading to slowed metabolism, fatigue, weight gain, cold intolerance, and depression.",0.23157894736842105,0.8505805730819702
Setup_Enhanced,What is infection?,"Infection occurs when microorganisms—such as bacteria, viruses, or other organisms—enter the body and begin to grow.  
The immune system usually eliminates these invaders, but if they multiply they can damage tissue.  
The body’s response is inflammation, marked by pain, redness, heat, and swelling.  
Thus, an infection is the harmful colonization and proliferation of microbes that trigger an inflammatory reaction.","['the skin, which may lead to an infection. Usually, the\nimmune system kills any invading bacteria, but some-\ntimes the bacteria are able to grow and cause an infection.\nOnce past the skin surface, the warmth, moisture, and\nnutrients allow bacteria to grow rapidly. Disease-causing\nbacteria release proteins called enzymes which cause tis-\nsue damage. The body’s reaction to damage is inflamma-\ntion which is characterized by pain, redness, heat, and', 'mally mild in a healthy individual, but which takes\nadvantage of an ill person’s weakened immune sys-\ntem to move into the body, grow, spread, and cause\nserious illness.\nPneumonia —Inflammation of the lungs, typically\ncaused by a virus, bacteria, or other organism.\nNational Aids Clearinghouse. 800-458-5231.\nNational Aids Hotline. 800-342-AIDS.\nProject Inform. 205 13th Street, #2001, San Francisco, CA\n94103. (800) 822-7422. <http://www.projinf.org>.\nOTHER']","Infection occurs when microorganisms like bacteria, viruses, or fungi invade body tissues, multiply, and cause disease by damaging cells or triggering immune responses.",0.24390243902439024,0.8638246655464172
Setup_Enhanced,What is immunity?,"Immunity is the state in which the immune system protects the body against foreign invaders such as bacteria, viruses, and fungi. It relies on specialized organs, lymph nodes, and blood cells that work together to defend the body. Vaccines, which contain killed or weakened microorganisms, are used to build or enhance this protective immunity.","['Autoimmune disorder —A disorder in which the\nbody’s antibodies mistake the body’s own tissues\nfor foreign invaders. The immune system then\nattacks and causes damage to these tissues.\nImmune system—The system of specialized organs,\nlymph nodes, and blood cells throughout the body\nthat work together to defend the body against for-\neign invaders (bacteria, viruses, fungi, etc.).\ndisk is performed to treat back pain that has lasted at least\nsix weeks as a result of an abnormal disk and that has not', '(CNS), blood system, and musculoskeletal system.\nVaccine—A prepartation containing killed or\nweakened microorganisms used to build immuni-\nty against infection from that microorganism.\nVirus—A very small organism that can only live\nwithin a cell. They are unable to reproduce out-\nside that cell.\nVaccines are available against some viruses, includ-\ning polio, herpes B, Japanese encephalitis, and equine\nencephalitis. Rabies vaccine is available for animals; it is']","Immunity is the body’s ability to resist infections through defense mechanisms including physical barriers, immune cells, and antibodies that recognize and eliminate pathogens.",0.18181818181818182,0.8299027681350708
Setup_Enhanced,What is vaccination?,"Vaccination is the process of administering a vaccine, which is a preparation containing killed or weakened microorganisms. This preparation stimulates the immune system to develop protection against the specific infection caused by that microorganism. Vaccines are available for various viruses, such as polio, herpes B, Japanese encephalitis, and varicella (chickenpox). The goal is to build immunity and prevent disease.","['(CNS), blood system, and musculoskeletal system.\nVaccine—A prepartation containing killed or\nweakened microorganisms used to build immuni-\nty against infection from that microorganism.\nVirus—A very small organism that can only live\nwithin a cell. They are unable to reproduce out-\nside that cell.\nVaccines are available against some viruses, includ-\ning polio, herpes B, Japanese encephalitis, and equine\nencephalitis. Rabies vaccine is available for animals; it is', '2000 that immunization is recommended for all adults\nwho have never had chickenpox.\nWhile there was initial concern regarding the vac-\ncine’s safety and effectiveness when first released, the\nvaccination is gaining acceptance as numerous states\nrequire it for admittance into day care or public school.\nIn 2000, 59% of toddlers in the United States were\nimmunized; up from 43.2% in 1998. A study published\nin 2001 indicates that the varicella vaccine is highly']","Vaccination is the process of administering weakened or inactive pathogens to stimulate immune response, providing protection against specific infectious diseases.",0.3291139240506329,0.8403582572937012
Setup_Enhanced,What is antibiotic?,Antibiotic—A chemical substance produced by a microorganism which can inhibit the growth of or kill other microorganisms.,"['for transmission by this route is still present.\nKEY TERMS\nAntibiotic—A chemical substance produced by a\nmicroorganism which can inhibit the growth of or\nkill other microorganisms.\nDebridement— Surgical removal of damaged tis-\nsue and foreign objects from a wound.\nI&D—Incision and drainage of a wound.\nIrrigation—Cleansing a wound with large amounts\nof water and/or an antiseptic solution.\nParenteral—Administered inside the body but out-\nside the digestive tract.', 'organisms (eg, Enterococcus faecalis, Staphylococcus saprophyticus)\n■ Differential Diagnosis\n• Urethritis\n• Nephrolithiasis\n• Prostatitis\n• Pelvic inﬂammatory disease or vaginosis\n• Lower lobe pneumonia\n• Surgical abdomen due to any cause (eg, appendicitis)\n■ Treatment\n• Urine culture in complicated infections (pregnancy, male, eld-\nerly, hospital-acquired, recent antibiotics, immunocompromised,\nobstruction or instrumentation)\n• Empiric oral antibiotics (eg, trimethoprim-sulfamethoxazole,']","Antibiotics are drugs used to treat bacterial infections by killing bacteria or inhibiting their growth, but they are ineffective against viral infections.",0.10256410256410256,0.8120272755622864
Setup_Enhanced,What is virus?,"A virus is a microscopic infectious agent that can cause disease.  
Enteroviruses are a type of virus belonging to the Picornaviridae family, named for their small size and RNA genome.  
Herpes zoster virus is another example, causing acute inflammation of nerve cells and skin eruptions.  
","['system, heart, skin, and others that causes disease.\nEnteroviruses are part of a larger group of viruses known as\nPicornaviruses. The word comes from the combination of\n“pico” (Spanish, meaning “a little bit”), and RNA (ribonu-\ncleic acid, an important component of genetic material).\nDescription\nThere are four groups of enteroviruses: Coxsack-\nievirus, Echovirus, ungrouped Enterovirus, and Y\nPoliovirus. \nGALE ENCYCLOPEDIA OF MEDICINE 2 1211\nEnterovirus infections', 'Herpes zoster virus —Acute inflammatory virus\nthat attacks the nerve cells on the root of each\nspinal nerve with skin eruptions along a sensory\nnerve ending.\nStaphylococcus —A bacterial organism, looking\nmuch like a cluster of grapes, that can infect vari-\nous body systems.\nStreptococcus—An organism that causes infections of\neither the upper respiratory or gastrointestinal tract.\nWeber, Carol Martinez and Joseph Eichenbaum. “Acute Red\nEye: Differentiating Viral Conjunctivitis From Other Less']","Virus is a microscopic infectious agent that requires host cells to replicate, causing diseases by invading cells and disrupting their normal functions.",0.35820895522388063,0.8016343116760254
Setup_Enhanced,What is dehydration?,"Dehydration is the loss of water and salts essential for normal body function.  
It occurs when the body loses more fluid than it takes in.  
Mild dehydration is a loss of ≤5 % of body fluids, moderate 5–10 %, and severe 10–15 %, which is life‑threatening.  
Severe dehydration can lead to hypovolemic shock, a form of physical collapse.","['Care. 29 Apr. 1998 <http://www.hsc.missouri.edu/~\nshrp/rtwww/rcweb/aarc/ddrcpg.html>.\n“Defibrillation.” American Heart Association. 1997. 9 Apr.\n1998 <http://www.americanheart.org>.\nLori De Milto\nDefinitive cancer therapy see Cancer\ntherapy, definitive\nDegenerative arthritis see Osteoarthritis\nDehydration\nDefinition\nDehydration is the loss of water and salts essential\nfor normal body function.\nDescription\nDehydration occurs when the body loses more fluid', 'throughout the world.\nTypes of dehydration\nMild dehydration is the loss of no more than 5% of\nthe body’s fluid. Loss of 5–10% is considered moderate\ndehydration. Severe dehydration (loss of 10–15% of\nbody fluids) is a life-threatening condition that requires\nimmediate medical care.\nComplications of dehydration\nWhen the body’s fluid supply is severely depleted,\nhypovolemic shock is likely to occur. This condition,\nwhich is also called physical collapse, is characterized by']","Dehydration is a condition resulting from excessive loss of body fluids, leading to imbalance in electrolytes and impaired physiological functions.",0.23076923076923075,0.8301265239715576
Setup_Enhanced,What is electrolyte?,"Electrolytes are salts and minerals that dissociate into electrically charged particles (ions) in body fluids. They regulate the body’s fluid balance and are essential for muscle contraction, energy production, and most biochemical reactions.","['plications. Deaths are rare and usually occur in the very\nKEY TERMS\nDiuretic—Medication that increases the urine out-\nput of the body.\nElectrolytes —Salts and minerals that produce\nelectrically charged particles (ions) in body fluids.\nCommon human electrolytes are sodium chloride,\npotassium, calcium, and sodium bicarbonate.\nElectrolytes control the fluid balance of the body\nand are important in muscle contraction, energy\ngeneration, and almost all major biochemical\nreactions in the body.', 'C. botulinum, focuses on preventing dehydration by\nreplacing fluids and electrolytes lost through vomiting\nand diarrhea. Electrolytes are salts and minerals that\nform electrically charges particles (ions) in body fluids.\nElectrolytes are important because they control body\nfluid balance and are important for all major body reac-\ntions. Pharmacists can recommend effective, pleasant-\ntasting, electrolytically balanced replacement fluids\nthat are available without a prescription. When more']","Electrolytes are charged minerals like sodium and potassium that regulate nerve function, muscle contraction, hydration, and acid-base balance in body.",0.4150943396226416,0.8503466844558716
Setup_Enhanced,What is edema?,"Edema is a condition of abnormally large fluid volume in the circulatory system or in tissues between the cells.  
It presents with symptoms such as weight gain, puffy eyelids, and swelling of the legs.  
Patients may have an elevated pulse rate and blood pressure, and veins in the hand and neck may appear fuller.  
Edema is a sign of an underlying problem rather than a disease itself, so a diagnostic explanation should be sought.","['Symptoms vary depending on the cause of edema. In\ngeneral, weight gain, puffy eyelids, and swelling of the\nlegs may occur as a result of excess fluid volume. Pulse\nrate and blood pressure may be elevated. Hand and neck\nveins may be observed as fuller.\nDiagnosis\nEdema is a sign of an underlying problem, rather\nthan a disease unto itself. A diagnostic explanation\nshould be sought. Patient history and presenting symp-\ntoms, along with laboratory blood studies, if indicated,', 'PERIODICALS\nMaiolatesi, C. R. “Methotrexate for Nonsurgical Treatment of\nEctopic Pregnancy: Nursing Implications.”Journal of\nObstetrical Gynecological Neonatal Nursing (Mar./Apr.\n1996): 205-208.\nORGANIZATIONS\nResolve. 1310 Broadway, Somerville, MA 02144-1731. (617)\n623-0744. <http://www.resolve.org>.\nKaren Ericson, RN\nEczema see Dermatitis\nED see Impotence\nEdema\nDefinition\nEdema is a condition of abnormally large fluid vol-\nume in the circulatory system or in tissues between the']","Edema is swelling caused by accumulation of excess fluid in tissues, commonly seen in conditions like heart failure, kidney disease, or inflammation.",0.14583333333333334,0.8089739680290222
Setup_Enhanced,What is acidosis?,"Acidosis is a condition in which the body becomes more acidic than normal. It is associated with symptoms such as headache, nausea, vomiting, and visual disturbances.","['Acidosis —Condition where the body is more\nacidic than normal; associated with headache,\nnausea, vomiting, and visual disturbances.\nFanconi’s anemia —An inherited form of aplastic\nanemia.\nFiltrate—The part of filtered material that flows\nthrough the filter.\nIdiopathic—Refers to a disease of unknown cause.\nPolydipsia—Excessive thirst.\nPolyuria—Excessive production of urine.\nORGANIZATIONS\nThe American Society of Nephrology. 2025 M Street NW\n#800, Washington, DC 20036. (202) 367-1190. <http://', 'vented by appropriate dietary restrictions to treat the\ngenetic disease, starting in infancy.\nFanconi’s syndrome caused by heavy metals and other\ntoxins can be prevented by avoiding these substances.\nResources\nBOOKS\nBergeron, Michael, André Gougoux, and Patrick Vinay. “The\nRenal Fanconi Syndrome.” In The Metabolic and Molecu-\nlar Bases of Inherited Disease. 7th ed. Ed. Charles R.\nScriver, et al. New York: McGraw-Hill, Inc., 1995.\nKEY TERMS\nAcidosis —Condition where the body is more']","Acidosis is a condition where blood pH falls below normal due to excess acid or loss of bicarbonate, affecting enzyme activity and organ function.",0.2,0.8104760646820068
Setup_Enhanced,What is alkalosis?,"Alkalosis is the alkalization of the bloodstream, meaning a decline in the acid content of the blood.  
It can occur when hydrochloric acid is lost, for example by vomiting.  
At its most severe, alkalosis can produce paralysis (tetany).  
Respiratory alkalosis is a specific form of this condition.","['alkalosis, and respiratory alkalosis.\nReference\nPearlman BL, Gambhir R. Salicylate intoxication: a clinical review. Postgrad Med\n2009;121:162. [PMID: 19641282]', 'ride leads to the opposite situation: a decline in the acid\ncontent of the bloodstream. This is known as alkalization\nof the bloodstream, or alkalosis. Hydrochloric acid, origi-\nnally from extracellular fluids, can be lost by vomiting. At\nits most severe, alkalosis results in paralysis (tetany).\nHyperphosphatemia occurs at serum phosphate levels\nabove 5 mg/dL. It can result from the failure of the kidneys\nto excrete phosphate into the urine, causing phosphate to']","Alkalosis is a condition where blood pH rises above normal due to loss of acid or excess bicarbonate, affecting normal cellular processes.",0.14492753623188404,0.8257259130477905
Setup_Enhanced,What is diagnosis?,"Diagnosis is the systematic process of identifying a disease.  
It starts with a physical examination and detailed questioning of the patient’s health and daily activities.  
When a specific condition such as contact dermatitis is suspected, the clinician gathers information on hobbies, workplace duties, medications, cosmetics, and may even inspect the home or workplace.  
This comprehensive assessment helps pinpoint the source or cause of the illness.","['Diagnosis\nDiagnosis begins with a physical examination and\nasking the patient questions about his or her health and\ndaily activities. When contact dermatitis is suspected, the\ndoctor attempts to learn as much as possible about the\npatient’s hobbies, workplace duties, use of medications\nand cosmetics, etc.—anything that might shed light on\nthe source of the disease. In some cases, an examination\nof the home or workplace is undertaken. If the dermatitis', 'Preface\nThe fourth edition of Current Essentials of Medicine (originally titled\nEssentials of Diagnosis & Treatment) continues a feature introduced in\nthe second edition: a Clinical Pearl for each diagnosis. Pearls are time-\nless. Learners at every level, and in many countries, remember them as\ncrucial adjuncts to more detailed information about disorders of every\ntype. Ideally, a Pearl is succinct, witty, and often colloquial; it is stated']","Diagnosis is the process of identifying a disease by evaluating symptoms, medical history, physical examination, and laboratory or imaging investigations.",0.23529411764705882,0.8335085511207581
Setup_Enhanced,What is prognosis?,"**Answer:**  
The prognosis is generally poor, as most patients are diagnosed after the cancer has already spread to lymph nodes or other structures.","['therapy) and diagnostic procedures (i.e., biopsy).\nPreparation\nPatients are typically informed that their diagnosis is\nterminal and treatments are directed to improve quality\nof life for the remaining time and to minimize emotional\nsuffering associated with pain.\nGALE ENCYCLOPEDIA OF MEDICINE 2\n641\nCancer therapy, palliative', 'Prognosis\nSince most patients are diagnosed when the cancer\nhas spread to lymph nodes or other structures, the prog-\nGALE ENCYCLOPEDIA OF MEDICINE 2\n1241\nEsophageal cancer\nA close-up view of a cancerous esophageal tumor.(Custom\nMedical Stock Photo. Reproduced by permission.)']","Prognosis refers to the expected outcome or course of a disease, including chances of recovery, complications, and survival based on clinical evaluation.",0.17777777777777776,0.7549914121627808
Setup_Enhanced,What is treatment?,"Treatment of dyspepsia is guided by symptom assessment and suspected causes, aiming to separate patients who need urgent diagnostic work‑ups from those who can safely receive conservative care. Conservative measures include reassurance, dietary modifications, and antacid use.  
For congenital muscular torticollis (CMT), there is no cure; management focuses on physical and occupational therapy to preserve range of motion and reduce deformity. Bracing may be used to improve lower‑extremity control, enhance balance, and conserve energy.","['mens which may be used to further confirm a diagnosis.\nTreatment\nThe treatment of dyspepsia is based on assessment\nof symptoms and suspected causative factors. Clinical\nevaluation is aimed at distinguishing those patients who\nrequire immediate diagnostic work-ups from those who\ncan safely benefit from more conservative initial treat-\nment. Some of the latter may require only reassurance,\ndietary modifications, or antacid use. Medications to', 'Treatment\nThere is no cure for CMT. However, physical and\noccupational therapy are an important part of CMT treat-\nment. Physical therapy is used to preserve range of motion\nand minimize deformity caused by muscle shortening, or\ncontracture. Braces are sometimes used to improve control\nof the lower extremities that can help tremendously with\nbalance. After wearing braces, people often find that they\nhave more energy because they are using less energy to']","Treatment is the management of disease through medications, surgery, lifestyle changes, or therapies aimed at curing, controlling, or relieving symptoms.",0.0851063829787234,0.7753035426139832
Setup_Enhanced,What is pathology?,"Pathology is the branch of medicine that studies the structural and chemical changes that occur with diseases. Pathologists are doctors who examine biopsy specimens in the laboratory and oversee studies performed by hospital labs (blood tests, urine tests, etc.). They also perform autopsies to determine disease causes.","['KEY TERMS\nPathologist —A doctor who specializes in the\nanatomic (structural) and chemical changes that\noccur with diseases. These doctors function in the\nlaboratory, examining biopsy specimens, and reg-\nulating studies performed by the hospital laborato-\nries (blood tests, urine tests, etc). Pathologists also\nperform autopsies.\nthan that, diverticula will usually grow slowly over the\nyears, gradually increasing the symptoms they cause.\nResources\nBOOKS', 'doctor, an infectious disease specialist, a doctor who spe-\ncializes in skin diseases (dermatologist), or in the case of\norbital cellulitis, an eye doctor (ophthalmologist). The\ndiagnosis of cellulitis is based mainly on the patient’s\nsymptoms. The patient’s recent medical history is also\nused in the diagnosis.\nLaboratory tests may be done to determine which\nkind of bacteria is causing the infection but these tests\nare not always successful. If the skin injury is visible, a']","Pathology is the study of diseases, including their causes, development, structural changes, and effects on body tissues and organs.",0.1818181818181818,0.8045316934585571
Setup_Enhanced,What is inflammation?,"Inflammation is a local, protective response of the immune system to infection or other stimulus.  
It is characterized by pain, swelling, redness, and warmth of the affected part.  
This process helps isolate and eliminate the offending agent, protecting the surrounding tissue.","['KEY TERMS\nInflammation—Process whereby the immune sys-\ntem reacts to infection or other stimulus, charac-\nterized by pain, swelling, redness, and warmth of\nthe affected part\nBecause cosmetic reshaping involves the removal of\nenamel, the process is irreversible because enamel can-\nnot be replaced once it is removed.\nThe anchors of implanted teeth can loosen and cause\npain; regular dental checkups are recommended.\nNormal results\nCosmetic dentistry can improve the appearance of', 'damaged cartilage in joints, repair spinal cord injuries,\nstrengthen a weakened immune system, treat autoim-\nmune diseases such as AIDS, and help patients with neu-\nKEY TERMS\nInflammation—A local, protective response to tis-\nsue injury. It is characterized by redness, warmth,\nswelling, and pain.\nNecrotizing fasciitis —A destructive infection\nwhich follows severe cellulitis and involves the\ndeep skin and underlying tissues.\nSinuses —Air cavities found in the bones of the']","Inflammation is a protective response of body to injury or infection, characterized by redness, swelling, heat, pain, and loss of function.",0.4516129032258065,0.8843030333518982
Setup_Enhanced,What is metabolism?,"Metabolism is the sum of all physical and chemical changes that occur inside an organism. It encompasses the processes by which the body converts food and other substances into energy, building blocks, and waste products.","['Digestion—The mechanical, chemical, and enzy-\nmatic process in which food is converted into the\nmaterials suitable for use by the body.\nEnzyme—A substance produced by the body to\nassist in a chemical reaction. In carbohydrate\nintolerance, lack of an enzyme makes it impossi-\nble for one type of sugar to be broken down into a\nsimpler form so that it can be absorbed by the\nintestines and used by the body.\nMetabolism —All the physical and chemical\nchanges that take place within an organism.', 'Drug abuse see Substance abuse and\ndependence\nDrug addiction see Substance abuse and\ndependence\nDrug dependence see Substance abuse and\ndependence\nDrug metabolism/interactions\nDefinition\nDrug metabolism is the process by which the body\nbreaks down and converts medication into active chemi-\ncal substances.\nGALE ENCYCLOPEDIA OF MEDICINE 2 1101\nDrug metabolism/interactions']","Metabolism includes all chemical reactions in body that maintain life, including processes of breaking down nutrients and producing energy for cellular activities.",0.2807017543859649,0.8367718458175659
Setup_Enhanced,What is homeostasis?,"Homeostasis refers to the family system’s tendency to maintain its usual organization and functioning over time. It seeks to preserve a familiar pattern and resists change, so that when a symptom appears, the family may shift roles or resist altering the system.","['Homeostasis (balance)\nThe concept of homeostasis means that the family\nsystem seeks to maintain its customary organization and\nfunctioning over time. It tends to resist change. The fami-\nly therapist can use the concept of homeostasis to explain\nwhy a certain family symptom has surfaced at a given\ntime, why a specific member has become the IP, and what\nis likely to happen when the family begins to change.\nThe extended family field\nThe extended family field refers to the nuclear fami-', 'whole. Problems are treated by changing the way the sys-\ntem works rather than trying to “fix” a specific member.\nFamily systems theory is based on several major concepts:\nThe identified patient\nThe identified patient (IP) is the family member with\nthe symptom that has brought the family into treatment.\nThe concept of the IP is used by family therapists to keep\nthe family from scapegoating the IP or using him or her\nas a way of avoiding problems in the rest of the system.\nHomeostasis (balance)']","Homeostasis is the ability of body to maintain stable internal environment despite external changes, regulating temperature, pH, fluids, and other vital parameters.",0.15624999999999997,0.7948451042175293
Setup_Enhanced,What is oxygen saturation?,"Oxygen saturation is the level of oxygen carried in the blood.  
It reflects how much oxygen is bound to hemoglobin and can be increased by treatments such as hyperbaric oxygen therapy, which forces more oxygen into the bloodstream.","['hospitalization. In the hospital, fluids and electrolytes are\ngiven to correct any imbalances that have arisen from the\nbreakdown of cellular metabolism.\nIn severe cases of CO poisoning, patients are given\nhyperbaric oxygen therapy. This treatment involves plac-\ning the patient in a chamber breathing 100% oxygen at a\npressure of more than one atmosphere (the normal pres-\nsure the atmosphere exerts at sea level). The increased\npressure forces more oxygen into the blood. Hyperbaric', 'baby’s size and gestational age. Fetal heart monitors, in\nuse since the 1970s, transmit any signals of fetal distress.\nOxygen deprivation may be determined by checking the\namniotic fluid for meconium (feces)—a lack of oxygen\ncauses an unborn baby to defecate. Oxygen deprivation\nmay also be determined by testing the pH of a blood\nsample taken from the baby’s scalp; a pH of 7.25 or high-\ner is normal, between 7.2 and 7.25 is suspicious, and\nbelow 7.2 is a sign of trouble.']","Oxygen saturation is the percentage of hemoglobin carrying oxygen in blood, normally between 95% and 100%, indicating adequate oxygenation of tissues.",0.2711864406779661,0.8454354405403137
Setup_Enhanced,What is pulse?,"Pulse is the rhythmic expansion of arteries that follows the heart’s electrical activity.  
On an electrocardiogram, the P wave marks atrial contraction, the QRS complex marks ventricular contraction, and the T wave follows the ventricular relaxation.  
The timing between the P wave and the QRS complex (the P‑R interval) reflects the time the impulse takes to travel from the atria to the ventricles, which is normally less than 0.2 seconds.  
Thus, pulse is the physical manifestation of these electrical impulses as the heart beats.","['positioned to pace: The EP team actually tries to induce\n(sometimes in combination with various heart drugs) the\narrhythmia that the patient has previously experienced so\nthe team can observe it in a controlled environment,\ncompare it to the patient’s clinical or spontaneous\narrhythmia, and decide how to treat it.\nOnce the arrhythmia is induced and the team deter-\nmines it can be treated with catheter ablation, cardiac\nmapping is performed to locate precisely the origin and', 'electrocardiogram. To summarize the features used in inter-\npretations in the simplest manner, the P wave of the electro-\ncardiogram is associated with the contraction of the atria.\nThe QRS series of waves, or QRS complex, is associated\nwith ventricular contraction, with the T wave coming after\nthe contraction. Finally, the P-Q or P-R interval gives a\nvalue for the time taken for the electrical impulse to travel\nfrom the atria to the ventricle (normally less than 0.2 sec).']","Pulse is rhythmic expansion of arteries due to heartbeats, used clinically to assess heart rate, rhythm, and strength of blood circulation.",0.17142857142857143,0.7729922533035278
Setup_Enhanced,What is organ failure?,"Organ failure refers to the loss or severe impairment of a specific organ’s normal function.  
In the context of organic failure to thrive (OFTT), the digestive organs are malformed or incomplete, so the infant cannot digest or absorb food.  
This concept applies to any organ system—when a kidney, liver, or other organ fails, the body cannot perform its essential role.","['Organic failure to thrive (OFTT) implies that the\norgans involved with digestion and absorption of food\nare malformed or incomplete so the baby cannot digest\nits food. Non-organic failure to thrive (NOFTT) is the\nmost common cause of FTT and implies the baby is not\nreceiving enough food due to economic factors or\nparental neglect, or do to psychosocial problems.\nCauses and symptoms\nOccasionally, there may be an underlying physical\ncondition that inhibits the baby’s ability to take in, digest,', 'phia. W. B. Saunders Co., 1997.\nProfessional Guide to Diseases. 5th ed. Springhouse, PA:\nSpringhouse Corporation, 1995.\nORGANIZATIONS\nChronic Granulomatous Disease Association. 2616 Monterey\nRoad, San Marino, CA 91108-1646. (818) 441-4118.\nNational Organization for Rare Disorders. P.O. Box 8923, New\nFairfield, CT 06812-8923. (800) 999-6673. <http://www.\nrarediseases.org>.\nJohn T. Lohr, PhD\nChronic kidney failure\nDefinition\nChronic kidney failure occurs when disease or disor-']","Organ failure occurs when an organ loses its ability to function properly, often due to disease, injury, or insufficient blood supply.",0.1234567901234568,0.8102577924728394
Setup_Enhanced,What is infection control?,"Infection control refers to measures that prevent the spread or occurrence of infections.  
Key strategies include using prophylactic antibiotics, maintaining rigorous skin and mouth hygiene, and avoiding crowds or people with infections.  
When infections do occur, procedures such as debridement, incision and drainage (I&D), and irrigation are employed, often with parenteral administration of drugs.","['efit from genetic counseling . Preventive (prophylactic)\nantibiotics may help keep some infections from occur-\nring, and good hygiene, especially rigorous skin and\nmouth care, can help prevent infections in these areas.\nAvoiding crowds or other people who have infections are\nalso effective preventive measures.\nResources\nBOOKS\nAbbas, Abul K., Andrew H. Lichtman, and Jordan S. Pober.\nCellular and Molecular Immunology. 3rd ed. Philadel-\nphia. W. B. Saunders Co., 1997.', 'for transmission by this route is still present.\nKEY TERMS\nAntibiotic—A chemical substance produced by a\nmicroorganism which can inhibit the growth of or\nkill other microorganisms.\nDebridement— Surgical removal of damaged tis-\nsue and foreign objects from a wound.\nI&D—Incision and drainage of a wound.\nIrrigation—Cleansing a wound with large amounts\nof water and/or an antiseptic solution.\nParenteral—Administered inside the body but out-\nside the digestive tract.']","Infection control involves measures like hygiene, sterilization, and isolation to prevent spread of infections in healthcare and community settings.",0.273972602739726,0.8329715728759766
Setup_Enhanced,What is public health?,"Public health is the field that focuses on the health of populations rather than individuals.  
It involves research, policy, and practice aimed at preventing disease, prolonging life, and promoting health.  
The context lists professionals such as L. Fleming Fallon Jr., M.D., Dr.PH, who is an Associate Professor of Public Health, illustrating the academic and applied nature of the discipline.  
Thus, public health is the science and art of protecting and improving community health through organized efforts.","['inﬂammatory bowel\ndisease, 150\nPeripheral neuropathy, 366\nPeritonitis, tuberculous, 85\nPerlèche, Candida, 410\nPernicious anemia, 353\nPersonality disorders, 393\nPertussis, 223\nPharyngitis, streptococcal, 232\nPharyngoesophageal\ndiverticulum, 479\nPheochromocytoma, 194\nPhiladelphia chromosome, 117\nPhobic disorders, 394\nPhosphate, serum\nhigh, 314\nlow, 319\nPhotoallergic reactions, 436\nPhotodistributed lichenoid\nreactions, 436\nPhotopsias, 525\nPhotosensitive drug eruption, 436\nPhototoxic reactions, 436', 'Karen Ericson, R.N.\nMedical Writer\nEstes Park, CO\nL. Fleming Fallon Jr., M.D.,\nDr.PH\nAssociate Professor of Public\nHealth\nBowling Green State University\nBowling Green, OH\nFaye Fishman, D.O.\nPhysician\nRandolph, NJ\nJanis Flores\nMedical Writer\nLexikon Communications\nSebastopol, CA\nRisa Flynn\nMedical Writer\nCulver City, CA\nPaula Ford-Martin\nMedical Writer\nChaplin, MN\nJanie F. Franz\nWriter\nGrand Forks, ND\nSallie Freeman, Ph.D., B.S.N.\nMedical Writer\nAtlanta, GA\nRebecca J. Frey, Ph.D.']","Public health focuses on prevention of disease, promotion of health, and prolonging life through organized community efforts, policies, education, and healthcare services.",0.24489795918367344,0.8211835026741028
Setup_Enhanced,What is Cardiac Tamponade?,"Cardiac tamponade is a life‑threatening condition in which fluid accumulates in the pericardial sac, squeezing the heart. Rapidly increasing effusions can raise intrapericardial pressure above 15 mm Hg, impairing ventricular filling and reducing cardiac output. It can result from metastatic cancer, uremia, viral or idiopathic pericarditis, trauma, or any cause of pericarditis.","['PERIODICALS\nHarvard Medical School. “Cardiac Rehabilitation.”Harvard\nHealth Letter, 7 no. 5 (Jan. 1997): 3-7.\nORGANIZATIONS\nAmerican Heart Association. 7320 Greenville Ave. Dallas, TX\n75231. (214) 373-6300. <http://www.americanheart.org>.\nPaula Anne Ford-Martin\nCardiac tamponade\nDefinition\nCardiac tamponade occurs when the heart is\nsqueezed by fluid that collects inside the sac that sur-\nrounds it.\nDescription\nThe heart is surrounded by a sac called the pericardi-', '14 Current Essentials of Medicine\n1 Cardiac Tamponade\n■ Essentials of Diagnosis\n• Life-threatening disorder occurring when pericardial ﬂuid accu-\nmulates under pressure; effusions rapidly increasing in size may\ncause an elevated intrapericardial pressure (> 15 mm Hg), lead-\ning to impaired cardiac ﬁlling and decreased cardiac output\n• Common causes include metastatic malignancy, uremia, viral or\nidiopathic pericarditis, and cardiac trauma; however, any cause of\npericarditis can cause tamponade']",Life-threatening disorder occurring when pericardial fluid accumulates under pressure; effusions rapidly increasing in size may cause an elevated intrapericardial pressure.,0.25,0.8453065156936646
Setup_Enhanced,What defines Cor Pulmonale?,"Cor pulmonale is the enlargement (increase in bulk) of the right ventricle of the heart.  
It is usually caused by chronic lung diseases or lung malfunction, such as COPD.  
The chronic pulmonary hypertension that develops leads to right‑ventricular strain and can progress to heart failure.","['Cor pulmonale is an increase in bulk of the right\nventricle of the heart, generally caused by chronic dis-\neases or malfunction of the lungs. This condition can\nlead to heart failure.\nDescription\nCor pulmonale, or pulmonary heart disease, occurs in\n25% of patients with chronic obstructive pulmonary dis-\nGALE ENCYCLOPEDIA OF MEDICINE 2916\nCor pulmonale', 'McGraw-Hill, 1997.\nSchreiber, Alan D. “Autoimmune Hemolytic Anemia.” In Cecil\nTextbook of Medicine, ed. J. Claude Bennett and Fred\nPlum. Philadelphia: W. B. Saunders Co., 1996.\nTeresa Norris, RN\nCoordination tests see Balance and\ncoordination tests\nCOPD see Emphysema; Chronic\nobstructive lung disease\nCopper deficiency see Mineral deficiency\nCopper excess see Wilson’s disease\nCor pulmonale\nDefinition\nCor pulmonale is an increase in bulk of the right']","Heart failure resulting from pulmonary disease. Most commonly due to COPD; other causes include pulmonary fibrosis, pneumoconioses, recurrent pulmonary emboli...",0.09230769230769231,0.7786749005317688
Setup_Enhanced,What is Celiac Disease?,"Celiac disease is an immune‑mediated disorder in which ingestion of gluten (found in wheat, rye, barley, and possibly oats) triggers an abnormal inflammatory response in the small intestine. The inflammation damages intestinal villi, impairing nutrient absorption and leading to malabsorption. Common signs include bulky, pale, frothy, greasy stools (steatorrhea), abdominal distention, flatulence, weight loss, and deficiencies of fat‑soluble vitamins. It affects about 1 % of the U.S. population and is seen only in genetically susceptible individuals.","['Celiac disease occurs when the body reacts abnor-\nmally to gluten, a protein found in wheat, rye, barley, and\npossibly oats. When someone with celiac disease eats\nfoods containing gluten, that person’s immune system\ncauses an inflammatory response in the small intestine,\nwhich damages the tissues and results in impaired ability\nto absorb nutrients from foods. The inflammation and\nmalabsorption create wide-ranging problems in many\nsystems of the body. Since the body’s own immune sys-', '72 Current Essentials of Medicine\n3\nCeliac Sprue\n■ Essentials of Diagnosis\n• Caused by an immune reaction to gluten in diet in genetically\nsusceptible individuals\n• The prevalence of celiac disease in the United States is approxi-\nmately 1:100 (1%)\n• Main manifestations are of malabsorption: Bulky, pale, frothy,\ngreasy stools (steatorrhea); abdominal distention, ﬂatulence, weight\nloss, and evidence of fat-soluble vitamin deﬁciencies; labs may']",Celiac disease is a disease of the digestive system that damages the small intestine and interferes with the absorption of nutrients from food. It occurs when the body reacts abnormally to gluten.,0.2037037037037037,0.8148077130317688
Setup_Enhanced,What are the symptoms of Tetanus?,"**Symptoms of Tetanus**

- Jaw stiffness followed by spasms (trismus).  
- Stiffness of the neck or other muscles, dysphagia, irritability, and hyper‑reflexia.  
- Late, painful convulsions precipitated by minimal stimuli.  
- Low‑grade fever may also be present.","['Chapter 8 Infectious Diseases 237\n8\nTetanus (Clostridium tetani)\n■ Essentials of Diagnosis\n• History of nondebrided wound or contamination may or may not\nbe obtained\n• Jaw stiffness followed by spasms (trismus)\n• Stiffness of neck or other muscles, dysphagia, irritability, hyper-\nreﬂexia; late, painful convulsions precipitated by minimal stim-\nuli; fever is low-grade\n■ Differential Diagnosis\n• Infectious meningitis\n• Rabies\n• Strychnine poisoning\n• Malignant neuroleptic syndrome\n• Hypocalcemia', 'Tick paralysis, 269\nTinea capitis, 445\nTinea corporis, 445\nTinea cruris, 445\nTinea faciei, 445\nTinea manuum, 445\nTinea pedis\ngeneral discussion of, 445\nwith leg cellulitis, 415\nTinea unguium, 433\nTinea versicolor, 446\nTinel’s sign, 152\nTobacco dependence and\nwithdrawal, 389\nTolerance, alcohol, 381\nTonsillectomy, 530\nTourette’s syndrome, 370\nToxic epidermal necrolysis, 407\nToxic nodule, hyperthyroidism in, 187\nToxic shock syndrome, Staphylococcus\naureus–associated, 231']","Jaw stiffness followed by spasms (trismus). Stiffness of neck or other muscles, dysphagia, irritability, hyperreflexia; late, painful convulsions precipitated by minimal stimuli.",0.6440677966101694,0.9201604127883911
Setup_Enhanced,What is Dilated Cardiomyopathy?,"Dilated cardiomyopathy is a form of cardiomyopathy in which the walls of the heart chambers stretch and the ventricles enlarge. This enlargement allows the heart to hold a greater volume of blood than normal, but it impairs the heart’s pumping ability.","['Reference\nLuk A, Ahn E, Soor GS, Butany J. Dilated cardiomyopathy: a review. J Clin Pathol\n2009;62:219. [PMID: 19017683]', 'cardiomyopathy; cardiomyopathy in which the\nwalls of the heart chambers stretch, enlarging the\nheart ventricles so they can hold a greater volume\nof blood than normal.\nDiuretic —A type of drug that helps the kidneys\neliminate excess salt and water.\nEdema—Swelling caused by fluid buildup in tis-\nsues.\nGranulomatous myocarditis—Also called giant cell\nmyocarditis, this noninfectious inflammation of the\nheart causes large areas of tissue death in the heart']","A cause of systolic dysfunction, this represents a group of disorders that lead to congestive heart failure. Symptoms and signs of congestive heart failure: Exertional dyspnea, cough, fatigue, paroxysmal nocturnal dyspnea...",0.16666666666666666,0.7357077598571777
Setup_Enhanced,What defines Atrial Septal Defect?,"Atrial septal defect is an opening between the two upper chambers of the heart (the atria). It allows blood to leak from the left atrium to the right atrium, creating a left‑to‑right shunt. This defect is one of the most common types of septal defects.","['12 Current Essentials of Medicine\n1 Atrial Septal Defect\n■ Essentials of Diagnosis\n• Patients with small defects are usually asymptomatic and have a\nnormal life span\n• Large shunts symptomatic by age 40, including exertional dysp-\nnea, fatigue, and palpitations\n• Paradoxical embolism may occur (ie, upper or lower extremity\nvenous thrombus embolizing to brain or extremity rather than\nlung) with transient shunt reversal\n• Right ventricular lift, widened and ﬁxed splitting of S 2, and sys-', 'wall separating the right and left sides of the heart),\nblood leaks from the left side of the heart to the right,\nor from a higher pressure zone to a lower pressure\nzone. A major leakage can lead to enlargement of the\nheart and failing circulation. The most common types\nof septal defects are atrial septal defect , an opening\nbetween the two upper heart chambers, and ventricu-\nlar septal defect , an opening between the two lower\nheart chambers. Ventricular septal defect accounts for']","Patients with small defects are usually asymptomatic and have a normal life span. Large shunts symptomatic by age 40, including exertional dyspnea, fatigue, and palpitations.",0.028571428571428574,0.7233865857124329
Setup_Enhanced,What is Candidiasis?,"Candidiasis is a fungal infection caused by Candida species.  
It presents as plaque‑like or ulcerative lesions of the oral mucosa (thrush), vulvovaginitis, skin‑fold infections, paronychia, and can involve the esophagus, central nervous system, or become disseminated in immunosuppressed patients.  
Endocarditis may occur in patients with prosthetic valves.  
Diagnosis is made when a compatible clinical picture, a susceptible host, and the presence of Candida in specimens are all confirmed.","['Chapter 8 Infectious Diseases 241\n8\nFUNGAL INFECTIONS\nCandidiasis (Candida Species)\n■ Essentials of Diagnosis\n• Plaquelike or ulcerative lesions of oral mucosa (thrush)\n• Vulvovaginitis, skin fold infections, or paronychia\n• Esophageal, central nervous system, or disseminated disease in\nimmunosuppressed patients\n• Endocarditis in patients with prosthetic valves\n• A compatible clinical picture, susceptible host, and ﬁnding\nCandida in specimens establish diagnosis\n■ Differential Diagnosis', '410 Current Essentials of Medicine\nCutaneous Candidiasis\n■ Essentials of Diagnosis\n• Candidal intertrigo causes superﬁcial, denuded, pink to beefy-red\npatches that may be surrounded by tiny satellite pustules in geni-\ntocrural, subaxillary, gluteal, interdigital, and submammary areas\n• Oral candidiasis shows grayish white plaques that scrape off to\nreveal a raw, erythematous base\n• Oral candidiasis more common in elderly, debilitated, malnour-']","Candidiasis is an infection caused by a species of the yeast Candida, usually Candida albicans. This is a common cause of vaginal infections in women.",0.21505376344086022,0.7974823117256165
Setup_Enhanced,What are the symptoms of Tuberculosis?,"Symptoms of tuberculosis include:

- Persistent cough (often with posttussive apical rales)  
- Fever and night sweats  
- Weight loss, lassitude, and cachexia  
- Dyspnea in advanced disease  
- Hemoptysis (coughing up blood)","['238 Current Essentials of Medicine\n8\nTuberculosis (Mycobacterium tuberculosis)\n■ Essentials of Diagnosis\n• Most infections subclinical, with positive skin test only\n• Symptoms progressive and include cough, dyspnea, fever, night\nsweats, weight loss, and hemoptysis\n• In primary infection, mid-lung ﬁeld inﬁltrates with regional lym-\nphadenopathy; pleural effusion common\n• Apical ﬁbronodular pulmonary inﬁltrate on chest ﬁlm, with or\nwithout cavitation, is most typical in reactivated disease', '60 Current Essentials of Medicine\n2\nPulmonary Tuberculosis\n■ Essentials of Diagnosis\n• Lassitude, weight loss, fever, cough, night sweats, hemoptysis\n• Cachexia in many; posttussive apical rales occasionally present\n• Apical or subapical inﬁltrates with cavities classic in reactivation\ntuberculosis; pleural effusion in primary tuberculosis, likewise\nmid-lung inﬁltration, but any radiographic abnormality possible\n• Positive skin test to intradermal puriﬁed protein derivative (PPD)']","Symptoms progressive and include cough, dyspnea, fever, night sweats, weight loss, and hemoptysis. In primary infection, mid-lung field infiltrates with regional lymphadenopathy; pleural effusion common.",0.2413793103448276,0.8437445759773254
Setup_Enhanced,What are Calcium Channel Blockers?,"Calcium channel blockers are medications that reduce the heart’s workload.  
They are used to treat high blood pressure, correct abnormal heart rhythms, and relieve angina pectoris.  
Physicians also prescribe them for panic attacks, bipolar disorder, and to prevent migraine headaches.  
Regular follow‑up with a physician is important while taking these drugs.","['and reduces the heart’s workload.\nPurpose\nCalcium channel blockers are used to treat high\nblood pressure, to correct abnormal heart rhythms, and to\nrelieve the type of chest pain called angina pectoris.\nPhysicians also prescribe calcium channel blockers to\ntreat panic attacks and bipolar disorder (manic depres-\nsive illness) and to prevent migraine headache.\nPrecautions\nSeeing a physician regularly while taking calcium\nchannel blockers is important. The physician will check', 'Reference\nArroyo AM, Kao LW. Calcium channel blocker toxicity. Pediatr Emerg Care\n2009;25:532. [PMID: 19687715]']","Calcium channel blockers are medicines that slow the movement of calcium into the cells of the heart and blood vessels. This, in turn, relaxes blood vessels, increases the supply of oxygen-rich blood to the heart, and reduces the heart's workload.",0.24175824175824176,0.8116774559020996
Setup_Enhanced,What is Carbon Monoxide Poisoning?,"Carbon monoxide poisoning results from inhaling CO produced by incomplete combustion of fossil fuels (e.g., automobile exhaust, gas heaters). CO binds hemoglobin, causing tissue hypoxia that disproportionately affects high‑oxygen‑demand organs such as the heart and brain. Symptoms are nonspecific and flu‑like—fatigue, headache, dizziness, abdominal pain, nausea, and confusion—and can progress to lethargy, syncope, seizures, or coma. It is the leading cause of accidental poisoning in the United States, responsible for about 1,500 accidental and 2,300 intentional deaths each year.","['Chapter 22 Poisoning 549\n22\nCarbon Monoxide\n■ Essentials of Diagnosis\n• May result from exposure to any incomplete combustion of any\ncarbonaceous fossil fuel (eg, automobile exhaust, smoke inhala-\ntion, improperly vented gas heater)\n• Causes tissue hypoxia and thus affects the organs with highest\noxygen demand (heart, brain)\n• Symptoms nonspeciﬁc and ﬂulike: Fatigue, headache, dizziness,\nabdominal pain, nausea, confusion\n• With more severe intoxication, lethargy, syncope, seizures, coma', 'Description\nCarbon monoxide, sometimes called coal gas, has\nbeen known as a toxic substance since the third century\nB.C. It was used for executions and suicides in early Rome.\nToday it is the leading cause of accidental poisoning in the\nUnited States. According to the Journal of the American\nMedical Association, 1,500 Americans die each year from\naccidental exposure to CO, and another 2,300 from inten-\ntional exposure (suicide). An additional 10,000 people']","Carbon monoxide (CO) poisoning occurs when carbon monoxide gas is inhaled. CO is a colorless, odorless, highly poisonous gas that is produced by incomplete combustion.",0.19230769230769232,0.7660777568817139
Setup_Enhanced,What characterizes Tinea Versicolor?,"Tinea versicolor presents as finely scaling patches on the upper trunk and arms that are usually asymptomatic.  
The lesions appear yellow‑brown on pale skin or hypopigmented on dark skin.  
It is caused by the yeast *Malassezia*, with short, thick hyphae and numerous spores seen on a KOH prep.  
Wood’s light examination helps delineate the extent of the lesions.","['446 Current Essentials of Medicine\nTinea Versicolor (Pityriasis Versicolor)\n■ Essentials of Diagnosis\n• Finely scaling patches on upper trunk and upper arms, usually\nasymptomatic\n• Lesions yellowish or brownish on pale skin, or hypopigmented on\ndark skin\n• Caused by yeast of the genus Malassezia\n• Short, thick hyphae and large numbers of spores on microscopic\nKOH examination\n• Wood’s light helpful in deﬁning extent of lesions\n■ Differential Diagnosis\n• Seborrheic dermatitis\n• Pityriasis rosea', 'Tick paralysis, 269\nTinea capitis, 445\nTinea corporis, 445\nTinea cruris, 445\nTinea faciei, 445\nTinea manuum, 445\nTinea pedis\ngeneral discussion of, 445\nwith leg cellulitis, 415\nTinea unguium, 433\nTinea versicolor, 446\nTinel’s sign, 152\nTobacco dependence and\nwithdrawal, 389\nTolerance, alcohol, 381\nTonsillectomy, 530\nTourette’s syndrome, 370\nToxic epidermal necrolysis, 407\nToxic nodule, hyperthyroidism in, 187\nToxic shock syndrome, Staphylococcus\naureus–associated, 231']","Finely scaling patches on upper trunk and upper arms, usually asymptomatic. Lesions yellowish or brownish on pale skin, or hypopigmented on dark skin.",0.37037037037037046,0.8651577234268188
Setup_Enhanced,What characterizes Urticaria (Hives)?,"Urticaria presents as pale or red, fleeting edematous papules or plaques that are surrounded by a red halo and cause severe itching or stinging.  The wheals appear suddenly and disappear within hours, and the condition can be acute (remission within 6 weeks) or chronic.  It may occur alone or with subcutaneous swelling (angioedema) affecting eyelids, lips, and sometimes the airway or gastrointestinal tract.","['Chapter 15 Dermatologic Disorders 447\nUrticaria (Hives) and Angioedema\n■ Essentials of Diagnosis\n• Pale or red, evanescent, edematous papules or plaques surrounded\nby red halo with severe itching or stinging; wheals appear suddenly\nand resolve in hours\n• Acute (complete remission within 6 weeks) or chronic\n• Subcutaneous swelling (angioedema) occurs alone or with\nurticaria; eyelids and lips often affected; respiratory involvement\nmay produce airway obstruction, and gastrointestinal involve-', 'times with vesicles\n• Secondary eczematization, impetigo, and licheniﬁcation in long-\nstanding infestation\n• Red nodules on penis or scrotum\n• A crusted form in institutionalized, HIV-infected, or malnour-\nished individuals has high mite burden\n• Burrow scrapings permit microscopic conﬁrmation of mites, ova,\nor feces; many cases diagnosed on clinical grounds\n■ Differential Diagnosis\n• Atopic dermatitis\n• Papular urticaria\n• Insect bites\n• Dermatitis herpetiformis\n■ Treatment']","Pale or red, evanescent, edematous papules or plaques surrounded by red halo with severe itching or stinging; wheals appear suddenly and resolve in hours.",0.3908045977011494,0.8621349334716797
Setup_Enhanced,What characterizes Vitiligo?,"Vitiligo is marked by depigmented white patches that are surrounded by a normal, hyper‑pigmented, or occasionally inflamed border.  
Affected hairs usually turn white.  
The disease can be localized (focal, segmental, mucosal) or generalized—most commonly the vulgaris subtype with widely scattered patches, or the acrofacial subtype affecting distal fingers and facial orifices; a universal form can depigment the entire body.  
Extensive disease occurs only in highly selected patients, and it is an under‑appreciated endocrine immunopathy—symptomatic patients should be evaluated for thyroid or other autoimmune disorders.","['448 Current Essentials of Medicine\nVitiligo\n■ Essentials of Diagnosis\n• Depigmented white patches surrounded by a normal, hyperpig-\nmented, or occasionally inﬂamed border\n• Hairs in affected area usually turn white\n• Localized form may be focal, segmental, or mucosal\n• Generalized form most common; vulgaris subtype has widely\nscattered patches; acrofacial subtype affects distal ﬁngers and\nfacial oriﬁces\n• Universal form depigments entire body surface', 'extensive disease in highly selected patients\n■ Pearl\nAn under-appreciated part of the endocrine immunopathies; consider\nthyroid or other autoimmune diseases in symptomatic patients.\nReference\nWhitton ME, Ashcroft DM, González U. Therapeutic interventions for vitiligo.\nJ Am Acad Dermatol 2008;59:713. [PMID: 18793940]\n15']","Depigmented white patches surrounded by a normal, hyperpigmented, or occasionally inflamed border. Hairs in affected area usually turn white.",0.33009708737864074,0.8436324000358582
Setup_Medical,What is normal body temperature?,"<think>
Okay, let's tackle this question. The user is asking for the normal body temperature. I need to look through the provided context to find the relevant information.

First, in the context, there's a mention that the average body temperature is 98.6°F (37°C). Another part says a healthy person's temperature fluctuates between 97°F (36.1°C) and 100°F (37.8°C). Also, it notes that temperature varies by measurement site, like rectal being higher than oral. 

I should make sure to include the average and the range. The key points are the average of 98.6°F/37°C, the normal fluctuation range, and that different measurement sites (oral, rectal) can affect the reading. The answer should be concise, 4-5 lines, using only the given info. Let me check if there's any other info that's relevant. The context also mentions that rectal and urine temps are about a degree higher than oral, so maybe mention that variations exist based on where it's measured. 

Putting it all together: Start with the average, then the range, note the variation by measurement site, and mention factors that can influence it like time of day or other conditions. Make sure not to include anything beyond the context. Avoid mentioning fever or causes since the question is about normal temperature. Keep it clear and within the line limit.
</think>

Normal body temperature averages 98.6°F (37°C), but fluctuates between 97°F (36.1°C) and 100°F (37.8°C) in healthy individuals. It is lowest at 6 A.M. and highest around 4–6 P.M., with variations depending on measurement site (e.g., rectal/urine temperatures are about 1°F higher than oral). Factors like pregnancy, hormonal changes, and age can also influence temperature.","['average being 98.6°F (37°C). The body maintains stabili-\nty within this range by balancing the heat produced by the\nmetabolism with the heat lost to the environment. The\n“thermostat” that controls this process is located in the\nhypothalamus, a small structure located deep within the\nbrain. The nervous system constantly relays information\nabout the body’s temperature to the thermostat, which in\nturn activates different physical responses designed to\nGALE ENCYCLOPEDIA OF MEDICINE 2 1313\nFever', 'Description\nFever is a natural response of the body that helps in\nfighting off foreign substances, such as microorganisms,\ntoxins, etc. Body temperature is set by the thermoregula-\ntory center, located in an area in the brain called hypo-\nthalamus. Body temperature is not constant all day, but\nactually is lowest at 6 A.M. and highest around 4–6 P.M. In\naddition, temperature varies in different regions of the\nbody; for example, rectal and urine temperatures are']","Normal body temperature averages 37°C (98.6°F). It varies slightly with time of day, activity, and age, but remains tightly regulated by hypothalamic control.",0.08191126279863482,0.7416386008262634
Setup_Medical,What is blood pressure?,"<think>
Okay, let's tackle this question. The user is asking, ""What is blood pressure?"" and I need to answer based on the provided context. First, I'll scan through the context to find any relevant information about blood pressure.

Looking through the context, there's a lot about high blood pressure, treatments like beta-adrenergic blockers, and complications such as heart attack and stroke. There's mention of blood pressure being 140 over 90 or above as high. Also, it's noted that high blood pressure makes the heart work harder and can lead to serious issues. However, the question is about defining blood pressure itself, not just high blood pressure.

Wait, the context doesn't explicitly define blood pressure. It talks about hypertension (high blood pressure) and its effects. Since the user is asking for the definition, but the context doesn't provide a direct definition, maybe I need to infer based on related terms. The context mentions that high blood pressure is when it's 140/90 or higher, so blood pressure must be the measure of the force of blood against artery walls. But since the context doesn't state that, I have to be careful not to include external knowledge.

The answer should only use the context. The context does mention that high blood pressure is when it's 140/90 or above, and that it's chronic elevation. So perhaps blood pressure is the pressure exerted by blood on the arterial walls, and hypertension is when it's elevated. However, without an explicit definition in the context, I can't state that. The context doesn't define blood pressure, only its high state. Therefore, maybe the answer should focus on the context's information about high blood pressure, but the question is about blood pressure in general. Hmm.

Wait, the user might be expecting a basic definition. Since the context doesn't provide it, perhaps the answer should state that blood pressure is the force of blood against artery walls, but since that's not in the context, I can't include it. The context only discusses hypertension. So maybe the answer is that blood pressure is the pressure of blood in the arteries, but since the context doesn't say that, I need to stick strictly to what's there. The context mentions that high blood pressure is when it's 140/90 or higher, but doesn't define blood pressure itself. Therefore, perhaps the answer is that blood pressure is","['20 Current Essentials of Medicine\n1 Hypertension\n■ Essentials of Diagnosis\n• In most patients (95% of cases), no cause can be found\n• Chronic elevation in blood pressure (> 140/90 mm Hg) occurs in\n23% of non-Hispanic white adults and 32% of non-Hispanic black\nadults in the United States; onset is usually between ages 20 and 55\n• The pathogenesis is multifactorial: Environmental, dietary,\ngenetic, and neurohormonal factors all contribute', 'other risk factors, the risk multiplies.\n• High blood pressure—High blood pressure makes the\nheart work harder and weakens it over time. It increases\nthe risk of heart attack, stroke, kidney failure, and con-\ngestive heart failure. A blood pressure of 140 over 90\nor above is considered high. As the numbers rise, high\nblood pressure goes from Stage 1 (mild) to Stage 4\n(very severe). In combination with obesity, smoking,\nGALE ENCYCLOPEDIA OF MEDICINE 2\n929\nCoronary artery disease']","Blood pressure is the force exerted by circulating blood on arterial walls, expressed as systolic over diastolic pressure, reflecting cardiac output and vascular resistance.",0.0673076923076923,0.6998855471611023
Setup_Medical,What is hypertension?,"<think>
Okay, let's tackle this question. The user is asking, ""What is hypertension?"" and they want the answer based only on the provided context. Let me look through the context to find relevant information.

First, I see there's a section titled ""11 Hypertensive Nephrosclerosis"" which mentions ""poorly controlled hypertension for more than 15 years"" and ""severe, aggressive hypertension, especially in young blacks."" That's about the causes or risk factors. Then under ""Essentials of Diagnosis,"" it lists ""poorly controlled hypertension"" and ""severe, aggressive hypertension"" as part of the diagnosis. 

Further down, there's a part about managing hypertension through lifestyle changes and medication, like reducing sodium intake, exercising, managing stress, etc. It also mentions that moderate hypertension can be controlled with these changes and medication, while severe cases may need more medication categories. 

Another section under ""Reference"" talks about diuretics being essential for management. There's also a mention of ""High blood pressure makes the heart work harder..."" in the context of coronary artery disease. The context defines hypertension as a blood pressure of 140 over 90 or above, with stages from mild to very severe. 

Putting this together, hypertension is defined by elevated blood pressure (≥140/90 mmHg), can lead to various complications, and is managed through lifestyle and medication. The answer should include the definition, possible complications, and management strategies as per the context. Need to make sure not to include any info outside the given context. Let me check again to ensure all points are from the provided text.
</think>

Hypertension is elevated blood pressure (≥140/90 mmHg) that can weaken the heart and increase risks of heart attack, stroke, kidney failure, and congestive heart failure. It is managed through lifestyle changes (e.g., reduced sodium/fat intake, exercise, stress management) and medications (e.g., diuretics, ACE inhibitors). Severe or uncontrolled hypertension may require evaluation for secondary causes and additional treatments.","['other risk factors, the risk multiplies.\n• High blood pressure—High blood pressure makes the\nheart work harder and weakens it over time. It increases\nthe risk of heart attack, stroke, kidney failure, and con-\ngestive heart failure. A blood pressure of 140 over 90\nor above is considered high. As the numbers rise, high\nblood pressure goes from Stage 1 (mild) to Stage 4\n(very severe). In combination with obesity, smoking,\nGALE ENCYCLOPEDIA OF MEDICINE 2\n929\nCoronary artery disease', 'tension, preferably with angiotensin-converting enzyme (ACE);\nregular estimation of GFR and proteinuria\n• Attention to comorbid factors, especially cardiovascular disease,\nas well as hyperlipidemia, anemia, and bone disease\n• Low-protein diet, salt and water restriction for patients with hyper-\ntension and edema\n• Potassium, phosphorus, and magnesium restriction once GFR is\nbelow 30–60 mL/min; phosphorus binders for associated hyper-\nphosphatemia with avoidance of chronic aluminum hydroxide']","Hypertension is a chronic condition where blood pressure persistently exceeds 140/90 mmHg, increasing risk of heart disease, stroke, kidney damage, and other complications.",0.0668693009118541,0.7301961779594421
Setup_Medical,What is hemoglobin?,"<think>
Okay, let's tackle this question. The user is asking, ""What is hemoglobin?"" and wants the answer based solely on the provided context. First, I need to recall the information given in the context.

Looking at the context, the first part says, ""Hemoglobin is the oxygen-carrying pigment found in red blood cells. It is a large molecule made in the bone marrow from two components, heme and globin."" That's the basic definition. Then there's more about hemoglobinopathies, but the question is just about what hemoglobin is, not its disorders.

The answer should be concise, 4-5 lines. The key points are: oxygen-carrying pigment in red blood cells, made of heme and globin in bone marrow. Also, maybe mention fetal hemoglobin as a variant, but the question is general. Wait, the context also mentions fetal hemoglobin as a type, but the main definition is in the first part. The other parts talk about hemoglobinopathies like sickle cell and thalassemia, but those are not needed for the basic definition.

So the answer should state that hemoglobin is the oxygen-carrying pigment in RBCs, composed of heme and globin produced in bone marrow. Maybe add that defects in production can be genetic or acquired, but the question is just asking what it is. The user might not need the disorders part unless it's necessary. Let me check the question again: ""What is hemoglobin?"" So the answer should focus on its function and composition. The context also mentions it's a large molecule, made from heme and globin. So putting it all together: Hemoglobin is the oxygen-carrying pigment in red blood cells, composed of heme and globin, produced in the bone marrow. That's the core. The rest is about disorders, which might not be needed unless the question asks about that. So the answer should be 4-5 lines, using only the context. Let me make sure not to include extra info. The answer should be straightforward.
</think>

Hemoglobin is the oxygen-carrying pigment found in red blood cells, composed of heme and globin components produced in the bone marrow. It transports oxygen and gives red blood cells their characteristic color. Defects in its production can be genetic (e.g., hemoglobinopathies like sickle cell anemia) or acquired.","['Hemoglobin is the oxygen-carrying pigment found\nin red blood cells. It is a large molecule made in the bone\nmarrow from two components, heme and globin.\nDefects in hemoglobin production may be either\ngenetic or acquired. The genetic defects are further sub-\ndivided into errors of heme production (porphyria), and\nthose of globin production (known collectively as the\nhemoglobinopathies).\nThere are two categories of hemoglobinopathy. In\nthe first category, abnormal globin chains give rise to', 'Hemoglobin —A molecule in red blood cells that\ntransports oxygen and gives the cells their charac-\nteristic color.\nHydrops fetalis —A condition in which a fetus or\nnewborn baby accumulates fluids, causing swollen\narms and legs and impaired breathing.\nHyperbilirubinemia —A condition in which biliru-\nbin accumulates to abnormally high levels in the\nbloodstream\nPlacenta —A protective membrane that surrounds\nand protects the fetus during pregnancy.']",Hemoglobin is an iron-containing protein in red blood cells responsible for transporting oxygen from lungs to tissues and returning carbon dioxide to lungs.,0.056410256410256404,0.6880990266799927
Setup_Medical,What is anemia?,"<think>
Okay, let's tackle this question. The user is asking, ""What is anemia?"" and I need to answer using only the provided context. Let me go through the context again to make sure I pick the right information.

Looking at the context, there are several mentions of anemia. The first definition says it's a condition with low hemoglobin concentration. Then there's another part that mentions it's an abnormally low number of red blood cells. Symptoms listed include paleness, shortness of breath, fast heartbeats, and tiredness. Also, it's diagnosed through blood tests, and there's a mention of hemolysis and Coombs' tests. The key terms section defines anemia as a deficiency in hemoglobin or red blood cells, associated with paleness or fatigue. 

I need to combine these points concisely. The answer should mention both low hemoglobin and red blood cells, note the symptoms, and maybe the diagnosis method. But the user wants it in 4-5 lines, so I have to be brief. Let me check if there's any conflicting info. All the definitions align, so I can safely say anemia is when hemoglobin or RBCs are low, leading to symptoms like paleness and fatigue. Also, maybe mention it's diagnosed via blood tests. Let me structure that.
</think>

Anemia is a condition characterized by abnormally low hemoglobin levels or a reduced number of red blood cells, impairing oxygen transport. It commonly causes symptoms like paleness, fatigue, shortness of breath, and rapid heartbeats. Diagnosed through blood tests, anemia can result from hemolysis (red blood cell destruction) or insufficient production. Causes include nutritional deficiencies, chronic diseases, or inherited disorders like sickle cell anemia.","['Anemia—A condition in which the hemoglobin\nconcentration in the blood is below normal.\nPolycythemia vera—A condition characterized by\nan unusually large number of red blood cells in\nthe blood due to increased production by the\nbone marrow. Symptoms include headaches,\nblurred vision, high blood pressure, dizziness, and\nnight sweats.\nSecondary polycythemia —Secondary polycythe-\nmia occurs when the excess of red blood cells is\ncaused by a condition other than polycythemia', 'Anemia—A condition in which there is an abnor-\nmally low number of red blood cells in the blood-\nstream. Major symptoms are paleness, shortness of\nbreath, unusually fast or strong heart beats, and\ntiredness.\nAntibody —A protein molecule produced by the\nimmune system in response to a protein that is not\nrecognized as belonging in the body.\nAntigen —A protein that can elicit an immune\nresponse in the form of antibody formation. With\nregard to red blood cells, the major antigens are A,']","Anemia is a condition characterized by reduced hemoglobin or red blood cells, leading to decreased oxygen delivery, causing fatigue, weakness, pallor, and shortness of breath.",0.1296928327645051,0.768347442150116
Setup_Medical,What is heart rate?,"<think>
Okay, let's tackle this question. The user is asking, ""What is heart rate?"" and I need to answer based on the provided context. Let me read through the context again to find relevant information.

Looking at the context, there's a section about the normal heart's electrical impulses originating in the sinus node at a rate of 60–100 times per minute. That's a key point. The heart rate is the number of heartbeats per minute, so that's probably the main definition here.

Also, the context mentions that arrhythmia or dysrhythmia occurs when the intervals between waves don't fit the normal pattern. But the question is about heart rate, not arrhythmia. The ECG part talks about the waves (P, Q, R, S, T) and how their number can vary, but the specific rate given is 60-100 per minute from the sinus node. 

I should make sure not to include information that's not in the context. The answer should be concise, 4-5 lines. So the answer would state that heart rate is the number of heartbeats per minute, normally 60-100, originating from the sinus node. Maybe mention that it's measured via ECG as per the context. Let me check if there's anything else. The context also mentions that the EP study measures electrical impulses, but that's more about the study itself. The key numbers are 60-100 per minute from the sinus node. So the answer should be straightforward using that info.
</think>

Heart rate is the number of heartbeats per minute, typically ranging from 60 to 100 in a normal adult. It is regulated by electrical impulses originating in the sinus node, the heart's natural pacemaker. These impulses follow the regular conduction pathway, and deviations in intervals or patterns may indicate arrhythmias. Electrocardiography (ECG) measures these electrical waves (P, Q, R, S, T) to assess heart rate and rhythm.","['lowing the regular conduction pathway.\nThe heart is described as showing arrhythmia or dys-\nrhythmia when time intervals between waves, the order,\nor the number of waves do not fit this pattern. Other fea-\ntures that may be altered include the direction of wave\ndeflection and wave widths.\nIn the normal heart, electrical impulses—at a rate of\n60–100 times per minute—originate in the sinus node.\nThe sinus node is located in the first chamber, known as', 'cardiographically deﬁned and increasingly treated electrophysiologically.\nReference\nSpodick DH. Multifocal atrial arrhythmia. Am J Geriatr Cardiol 2005;14:162.\n[PMID: 15886545]']",Heart rate is the number of heartbeats per minute. Normal resting rate in adults ranges from 60 to 100 beats per minute.,0.0911854103343465,0.7440311312675476
Setup_Medical,What is myocardial infarction?,"<think>
Okay, let's tackle this question. The user is asking, ""What is myocardial infarction?"" and wants the answer based solely on the provided context.

First, I need to recall the information given. The context mentions coronary artery disease (CAD) caused by atherosclerosis, which leads to restricted blood flow. When blood flow is completely cut off, the result is a heart attack. Also, under congestive cardiomyopathy, there's a mention that blockage cutting off blood flow results in a heart attack, referred to as myocardial infarction. 

So, myocardial infarction is the medical term for a heart attack. The key points from the context are that it's caused by a blockage in the coronary arteries due to atherosclerosis, leading to the death of heart muscle tissue because of lack of oxygen. The answer should link CAD, atherosclerosis, blockage, and the resulting heart attack. I need to make sure not to include any extra information beyond what's provided. Also, check if there are other mentions of myocardial infarction in the context. The last part under congestive cardiomyopathy says when blockage cuts off blood flow, it's a heart attack (myocardial infarction). 

So the answer should state that myocardial infarction is a heart attack caused by a complete blockage of blood flow to the heart due to atherosclerosis, leading to heart muscle death. Keep it concise, 4-5 lines, using the terms from the context. Avoid mentioning causes like viruses or other diseases unless specified. The context doesn't mention other causes beyond atherosclerosis for MI, so stick to that.
</think>

Myocardial infarction, or heart attack, occurs when a blockage in the coronary arteries (due to atherosclerosis) completely cuts off blood flow to the heart. This blockage leads to the death of heart muscle tissue from lack of oxygen. It is a severe consequence of coronary artery disease, resulting in irreversible damage to the heart. The condition is distinct from partial blockages, which may cause angina (chest pain) but not full tissue death.","['ischemia ). When the blockage is limited, chest pain or\npressure, called angina, may occur. When the blockage\ncuts off the flow of blood, the result is heart attack\n(myocardial infarction or heart muscle death).\nHealthy coronary arteries are clean, smooth, and\nslick. The artery walls are flexible and can expand to let\nmore blood through when the heart needs to work harder.\nThe disease process in arteries is thought to begin with\nan injury to the linings and walls of the arteries. This', 'Chapter 17 Common Surgical Disorders 471\nAcute Lower-Extremity Arterial Occlusion\n■ Essentials of Diagnosis\n• Important to discern whether the patient has embolic, thrombotic,\nor traumatic etiology resulting in lower-extremity ischemia\n• Most common source of emboli is cardiac (80–90%); 60–70% of\nthese patients have underlying cardiac disease such as myocardial\ninfarction, valvular disease, arrhythmia, endocarditis\n• Traumatic causes include posterior knee dislocation, iatrogenic']","Myocardial infarction occurs when blood flow to heart muscle is blocked, causing tissue death due to oxygen deprivation, commonly known as a heart attack.",0.09169054441260746,0.757400631904602
Setup_Medical,What is angina pectoris?,"<think>
Okay, let's tackle this question. The user is asking, ""What is angina pectoris?"" and wants the answer based solely on the provided context.

First, I need to look through the context given. The main section about angina pectoris is under ""4 Current Essentials of Medicine"" and ""1 Angina Pectoris"". The ""Essentials of Diagnosis"" part mentions that it's generally caused by atherosclerotic coronary artery disease and severe coronary obstruction. The risk factors listed include smoking, diabetes, hypertension, hypercholesterolemia, and family history. Then, stable angina is characterized by pressure-like chest discomfort triggered by exertion or stress, relieved by rest.

I need to make sure I don't include any other information from the context that's not relevant. The other sections talk about different conditions like Marfan syndrome, Nimodipine, endometriosis terms, etc., but those aren't related to angina. 

So the answer should focus on the cause (atherosclerotic CAD and coronary obstruction), the risk factors, and the symptoms of stable angina. The user wants it concise, 4-5 lines, using only the provided info. Let me check the key points again to ensure I didn't miss anything. Yes, the main points are there. Avoid any other terms or conditions mentioned elsewhere. Make sure to mention the triggers (exertion, stress) and relief by rest. Also, note the risk factors briefly. Alright, time to put it all together clearly and concisely.
</think>

Angina pectoris is generally caused by atherosclerotic coronary artery disease with severe coronary obstruction. Risk factors include cigarette smoking, diabetes mellitus, hypertension, hypercholesterolemia, and family history. Stable angina is characterized by pressure-like episodic chest discomfort, precipitated by exertion or stress, and relieved by rest.","['4 Current Essentials of Medicine\n1 Angina Pectoris\n■ Essentials of Diagnosis\n• Generally caused by atherosclerotic coronary artery disease and\nsevere coronary obstruction; cigarette smoking, diabetes mellitus,\nhypertension, hypercholesterolemia, and family history are estab-\nlished risk factors\n• Stable angina characterized by pressure-like episodic precordial\nchest discomfort, precipitated by exertion or stress, relieved by rest', 'Chapter 6 Rheumatologic & Autoimmune Disorders 175\n6\nTakayasu’s Arteritis (“Pulseless Disease”)\n■ Essentials of Diagnosis\n• Large vessel vasculitis involving the aortic arch and its major\nbranches\n• Seen most commonly in the third to ﬁfth decade of life with pre-\ndominance in women\n• Associated most commonly with absent peripheral pulses; may see\nmyalgias, arthralgias, headaches, angina, claudication, erythema\nnodosum–like lesions, hypertension, bruits, cerebrovascular insuf-']","Angina is chest discomfort caused by reduced blood supply to heart muscle, often triggered by exertion or stress, relieved by rest or medication.",0.0821917808219178,0.727217972278595
Setup_Medical,What is atherosclerosis?,"<think>
Okay, let's see. The user is asking what atherosclerosis is. I need to use only the provided context. Let me scan through the context again.

First, the context mentions that atherosclerosis is sometimes called coronary artery disease (CAD). Then it talks about how cholesterol and fatty substances accumulate in the arteries, forming plaques. These plaques can lead to blood clots. Also, there's a part about CAD being caused by atherosclerosis. The description of CAD says it's due to atherosclerosis, which is the buildup of fatty materials in the arteries, restricting blood flow to the heart.

So putting this together: Atherosclerosis is the buildup of cholesterol and fatty substances in the arteries, forming plaques that can block blood flow. It's linked to CAD. The answer should mention the accumulation, the formation of plaques, and the result of restricted blood flow. Also, maybe note that it's called CAD. Let me check the context again to make sure I don't add anything extra. The context doesn't mention other parts like the heart specifically unless in CAD. So the answer should be concise, using the key points from the context.
</think>

Atherosclerosis is a condition characterized by the accumulation of cholesterol, fatty substances, and other materials on the inner walls of arteries, forming hard plaques. These plaques narrow the arteries, restrict blood flow, and can lead to blood clots (thrombosis), causing coronary artery disease (CAD). It is the primary cause of CAD, which results in reduced blood supply to the heart.","['flow to the heart. Atherosclerosis is sometimes\ncalled coronary artery disease, or CAD.\nFractionation —A laboratory test or process in\nwhich blood or another fluid is broken down into\nits components. Fractionation can be used to assess\nthe proportions of the different types of cholesterol\nin a blood sample.\nHigh-density lipoprotein (HDL)—A type of lipopro-\ntein that protects against CAD by removing choles-\nterol deposits from arteries or preventing their for-\nmation.', 'tion of plaque in the blood vessels. Atherosclerosis\nis the cause of coronary artery disease.\nAngina—Chest pain that happens when diseased\nblood vessels restrict the flow of blood to the\nheart. Angina is often the first symptom of coro-\nnary artery disease.\nBeta-blocker —A drug that blocks some of the\neffects of fight-or-flight hormone adrenaline (epi-\nnephrine and norepinephrine), slowing the heart\nrate and lowering the blood pressure.\nCalcium-channel blocker—A drug that blocks the']","Atherosclerosis is buildup of fatty plaques in arteries, narrowing them and reducing blood flow, increasing risk of heart attack, stroke, and peripheral vascular disease.",0.08823529411764706,0.7576159238815308
Setup_Medical,What is respiration?,"<think>
Okay, let's tackle this question: ""What is respiration?"" The user wants an answer based only on the provided context, in 4-5 lines.

First, I need to go through the context to find relevant information. The context includes various medical topics like meningitis, ORS, cholecystectomy, CPR, and some about the respiratory system. 

Looking at the CPR section, it mentions supporting breathing and circulation. The part about the respiratory system talks about air entering through the mouth, going to the larynx, and the esophagus directing food. Also, there's a mention of alveoli where gas exchange happens. 

The question is about respiration, which is the process of breathing. The context doesn't explicitly define respiration, but there are clues. The CPR part refers to maintaining breathing. The section on the respiratory system describes the pathway of air to the alveoli for gas exchange. 

So, putting it together: Respiration involves the process of taking in air, directing it to the lungs, and exchanging gases (oxygen and carbon dioxide) in the alveoli. Also, there's a mention of the mucociliary escalator moving mucus, which relates to the respiratory tract's function. 

Need to make sure not to include info outside the context. The answer should be concise, using terms from the context like alveoli, gas exchange, and maybe mention the role of the respiratory system in moving air and preventing aspiration. Avoid any terms not provided here.
</think>

Respiration is the process of taking in air through the mouth or nose, directing it to the respiratory system via the larynx, and exchanging oxygen and carbon dioxide in the alveoli of the lungs. It involves protecting the airway from aspiration of food or liquid into the bronchial tubes and relies on structures like the mucociliary escalator to clear mucus. The process also includes gas exchange, where oxygen enters the bloodstream and carbon dioxide is expelled during exhalation.","['10019. (800) 586-4872. <http://www.lungusa.org>.\nRosalyn Carson-DeWitt, MD\nChlorhexidine see Antibiotics, topical\nKEY TERMS\nAlveoli—The small air sacs clustered at the ends\nof the bronchioles in the lungs, in which oxygen-\ncarbon dioxide exchange takes place.\nAspiration—When solids or liquids that should be\nswallowed into the stomach are instead breathed\ninto the respiratory system, or when substances\nfrom the outside environment are accidentally\nbreathed into the lungs.', 'branch into smaller air tubes that run within the lungs,\nleading to the small air sacs of the lungs (alveoli).\nEither food, liquid, or air may be taken in through\nthe mouth. While air goes into the larynx and the respira-\ntory system, food and liquid are directed into the tube\nleading to the stomach, the esophagus. Because food or\nliquid in the bronchial tubes or lungs could cause a\nblockage or lead to an infection, the airway is protected.']","Respiration is the process of inhaling oxygen and exhaling carbon dioxide, involving lungs and blood circulation to maintain cellular metabolism and energy production.",0.05421686746987952,0.7174959182739258
Setup_Medical,What is asthma?,"<think>
Okay, let's tackle this question. The user is asking, ""What is asthma?"" and I need to answer using only the provided context. Let me look through the context again to find relevant information.

First, in the context under the ""KEY TERMS"" section, asthma is defined as ""A disease in which the air passages of the lungs become inflamed and narrowed."" That's a direct definition. Also, there's mention of bronchitis as inflammation of the air passages. The context also talks about chronic obstructive lung disease and mentions that inflammation causes mucus production and airflow blockage. 

Another part mentions that in allergic bronchopulmonary mycosis, there's a history of asthma. The diagnosis section under eosinophilia notes that asthma must be ruled out. The chronic cough with sputum and shortness of breath is linked to conditions like asthma and bronchitis. 

Putting this together, asthma is characterized by inflamed and narrowed airways, leading to symptoms like coughing, mucus production, and breathing difficulties. The answer should include the definition from the key terms and perhaps mention the symptoms related to airway obstruction and mucus. Need to keep it concise, 4-5 lines, using only the given info.
</think>

Asthma is a disease in which the air passages of the lungs become inflamed and narrowed. This inflammation causes the airways to constrict, leading to symptoms such as coughing, mucus production, and shortness of breath. The condition is chronic and often involves excessive mucus secretion, further obstructing airflow. It is distinct from other respiratory issues like chronic bronchitis but shares features such as airway inflammation and mucus overproduction.","['mg in 24 hours.\nKEY TERMS\nAsthma—A disease in which the air passages of\nthe lungs become inflamed and narrowed.\nBronchitis —Inflammation of the air passages of\nthe lungs.\nChronic—A word used to describe a long-lasting\ncondition. Chronic conditions often develop grad-\nually and involve slow changes.\nCough suppressant —Medicine that stops or pre-\nvents coughing.\nEmphysema —An irreversible lung disease in\nwhich breathing becomes increasingly difficult.\nMucus—Thick fluid produced by the moist mem-', 'is the combination of cough suppressant with an expecto-\nrant—a medicine that loosens and clears mucus from the\nairways. The cough suppressant interferes with the ability\nto cough up the mucus that the expectorant loosens.\nDescription\nThe cough suppressant described here, dextrom-\nethorphan, is an ingredient in many cough medicines,\nKEY TERMS\nAsthma—A disease in which the air passages of\nthe lungs become inflamed and narrowed.\nBronchitis —Inflammation of the air passages of\nthe lungs.']","Asthma is a chronic inflammatory disease of airways causing reversible narrowing, leading to wheezing, breathlessness, chest tightness, and coughing, especially at night or early morning.",0.07719298245614035,0.7249754071235657
Setup_Medical,What is pneumonia?,"<think>
Okay, let's tackle this question. The user is asking, ""What is pneumonia?"" and wants the answer based only on the provided context. Let me start by reading through the context carefully.

First, the context mentions that pneumonia is an infection of the lungs, affecting the air sacs (alveoli) and/or lung tissues. It says the alveoli can become swollen and fill with pus or fluid, which hinders oxygen intake. That's the basic definition. 

Then there's a part about different types of pneumonia. The context lists Chlamydia species causing pneumonia, like Chlamydia pneumoniae. Also, there's a mention of eosinophilic pneumonia, which involves increased eosinophils in the lungs and blood. Another type mentioned is empyema as a complication of pneumonia. There's also a note on symptoms like fever, chills, cough with sputum, and how some types might not make people very sick, leading to spread in communities.

I need to make sure the answer includes the main definition, the effect on alveoli, and maybe the types if possible. But the user wants it concise, 4-5 lines. Let me check the example answer structure. The example answer for another question is a few lines with key points. 

So the answer should start with the definition, mention the swelling and fluid in alveoli, the oxygen deprivation, and perhaps note that it can be caused by various pathogens like Chlamydia. Also, maybe mention the types briefly if space allows. Let me piece that together without going over the line limit.
</think>

Pneumonia is an infection of the lungs where the air sacs (alveoli) and/or lung tissues become inflamed and may fill with pus or fluid, impairing oxygen absorption. It can be caused by pathogens like *Chlamydia pneumoniae* or involve abnormal immune responses, such as eosinophilic pneumonia with excess eosinophils. Symptoms include cough, fever, and breathing difficulties, though some cases may spread easily due to mild initial symptoms. Complications like empyema (pus in the lung cavity) can also arise.","['Description\nPneumonia is an infection of the lungs. The air sacs\n(alveoli) and/or the tissues of the lungs become swollen,\nand the alveoli may fill with pus or fluid. This prevents the\nlungs from taking in sufficient oxygen, which deprives the\nblood and the rest of the body’s tissues of oxygen.\nThere are three major types of Chlamydia: Chlamy-\ndia psittaci, Chlamydia pneumoniae, and Chlamydia tra-\nchomatis. Each of these has the potential to cause a type\nof pneumonia.\nCauses and symptoms', 'Eosinophilic pneumonia\nDefinition\nEosinophilic pneumonia is a group of diseases in\nwhich there is an above normal number of eosinophils in\nthe lungs and blood.\nDescription\nEosinophilia is an increase in the number of\neosinophils. Eosinophilic pneumonia is characterized\nby a large number of eosinophils in the lungs, usually in\nthe absence of an infectious disease. Eosinophils are\none of the white blood cells and are classified as a gran-\nulocyte. They are part of the non-specific immune sys-']","Pneumonia is infection of lung tissue causing inflammation of alveoli, often filled with fluid or pus, resulting in fever, cough, difficulty breathing, and chest pain.",0.08045977011494253,0.7443590760231018
Setup_Medical,What is hypoxia?,"<think>
Okay, let's tackle this question. The user is asking, ""What is hypoxia?"" and they want the answer based solely on the provided context. Let me look through the context first.

Looking at the key terms section, there's a term listed as ""Apoxia—Apoxia refers to altitude sickness."" Wait, but the question is about hypoxia, not apoxia. Hmm. The context doesn't directly mention hypoxia. Let me check again. The context includes a lot of medical terms, but hypoxia isn't explicitly defined here. There's a mention of ""Decreased blood oxygen levels (hypoxemia)"" in the cluster headache section. Hypoxemia is low oxygen in the blood, which is related but not exactly hypoxia. 

Hypoxia generally refers to low oxygen at the tissue level, while hypoxemia is low oxygen in the blood. Since the context doesn't have a direct definition for hypoxia, maybe I need to infer from related terms. The user might be expecting an answer based on the closest available info. The context does mention hypoxemia as a trigger for cluster headaches. But since the question is about hypoxia, and the context doesn't define it, perhaps the answer should state that hypoxia isn't defined in the provided context. However, the user might have made a mistake and meant hypoxemia. Alternatively, maybe there's a term I missed. Let me scan again.

Looking at the key terms again: Apoxia is defined as altitude sickness. There's also hypoxemia mentioned. Since hypoxia isn't listed, perhaps the answer should clarify that hypoxia isn't directly defined here but relate it to hypoxemia if possible. However, the user's instruction is to use only the provided context. Since hypoxia isn't in the context, the correct answer would be that it's not defined here. But maybe the user intended to refer to hypoxemia. Alternatively, maybe the term is in another part. Let me check again.

The context includes ""Decreased blood oxygen levels (hypoxemia) can also act as a trigger..."" So hypoxemia is defined. But hypoxia isn't. Since the user is asking about hypoxia, and the context doesn't mention it, the answer should state that hypoxia isn't defined in the provided information. However, if the user confused hypox","['KEY TERMS\nApoxia—Apoxia refers to altitude sickness.\nArrhythmia—Irregular heartbeat.\nCentral nervous system —Part of the nervous sys-\ntem consisting of the brain, cranial nerves and\nspinal cord. The brain is the center of higher\nprocesses, such as thought and emotion and is\nresponsible for the coordination and control of\nbodily activities and the interpretation of informa-\ntion from the senses. The cranial nerves and spinal\ncord link the brain to the peripheral nervous sys-', '• Dose-related response; euphoria, nystagmus, clonic jerking, mild\nhypothermia, bradycardia, nausea, vomiting, respiratory depres-\nsion, coma, and seizures may occur\n• Clinical clues include abrupt onset of uncharacteristic aggressive\nbehavior with rapidly following drowsiness and marked agita-\ntion on stimulation despite prolonged apnea and hypoxia\n• May be detectable in urine by mass spectrometry for up to 12 hours;\nmay generate U waves on ECG\n■ Differential Diagnosis']","Hypoxia is a condition where body tissues receive insufficient oxygen, leading to cellular dysfunction and potential organ damage if prolonged or severe.",0.03183023872679045,0.6655274629592896
Setup_Medical,What is digestion?,"<think>
Okay, let's tackle this question. The user is asking, ""What is digestion?"" and they want the answer based solely on the provided context. Let me look through the context again to make sure I don't miss anything.

First, the context starts by defining digestion as the mechanical, chemical, and enzymatic process that converts food into materials the body can use. That's the key part here. Then there's more info about enzymes and metabolism, but the main definition is right there. 

I need to check if there's any other part of the context that adds to this. The rest talks about issues like carbohydrate intolerance, toxemia, colonic cleansing, and other digestive problems. But those are more about complications or related processes, not the definition itself. 

So the answer should be straightforward: mention the mechanical, chemical, and enzymatic processes converting food into usable materials. Keep it concise, 4-5 lines. Let me make sure I don't include extra info not in the context. The user emphasized using only the provided information. 

Yes, the first line of the context is the definition. The answer should just rephrase that clearly without adding anything else. Let me put it together.
</think>

Digestion is the mechanical, chemical, and enzymatic process by which food is converted into materials suitable for use by the body. It involves breaking down food to extract nutrients and eliminate waste, facilitated by enzymes that aid in chemical reactions, such as converting complex sugars into simpler forms for absorption.","['Digestion—The mechanical, chemical, and enzy-\nmatic process in which food is converted into the\nmaterials suitable for use by the body.\nEnzyme—A substance produced by the body to\nassist in a chemical reaction. In carbohydrate\nintolerance, lack of an enzyme makes it impossi-\nble for one type of sugar to be broken down into a\nsimpler form so that it can be absorbed by the\nintestines and used by the body.\nMetabolism —All the physical and chemical\nchanges that take place within an organism.', 'digestive system, running from the stomach,\nthrough the small intestine, large intestine, and out\nthe rectum and anus.\nImmune system—The body system responsible for\nproducing various cells and chemicals that fight\ninfection by viruses, bacteria, fungi, and other for-\neign invaders. In autoimmune disease, these cells\nand chemicals turn against the body itself.\nInflammation —The result of the body’s attempts\nto fight off and wall off an area that is infected.']","Digestion is the process of breaking down food into smaller molecules for absorption and use by the body, involving mechanical and chemical processes.",0.10408921933085502,0.7422512173652649
Setup_Medical,What is gastritis?,"<think>
Okay, let's tackle this question. The user is asking, ""What is gastritis?"" and I need to answer based on the provided context. Let me look through the context to find relevant information.

First, I see there's a section on Gastritis under Chapter 3 Gastrointestinal Diseases. The Essentials of Diagnosis part mentions that gastritis may be acute (erosive) or indolent (atrophic), with varied causes. Symptoms include nausea, vomiting, anorexia, and upper abdominal distress. It also notes mild epigastric tenderness and possible associations like stress and diminished mucosal blood flow. Diagnosis is via endoscopy with biopsy.

I need to condense this into 4-5 lines. Start with the definition: gastritis is inflammation of the stomach lining. Mention the two types (acute and chronic) and causes. Include symptoms like nausea, abdominal pain. Note that endoscopy is used for diagnosis. Avoid any extra info not in the context. Make sure it's concise and within the line limit.
</think>

Gastritis is inflammation of the stomach lining, which may be acute (erosive) or chronic (atrophic), with varied causes. Symptoms include nausea, vomiting, anorexia, and vague upper abdominal discomfort. It may present with mild epigastric tenderness or no physical signs. Diagnosis typically requires endoscopy with gastric biopsy. Associations include stress and reduced mucosal blood flow.","['Chapter 3 Gastrointestinal Diseases 83\n3\nGastritis\n■ Essentials of Diagnosis\n• May be acute (erosive) or indolent (atrophic); multiple varied causes\n• Symptoms often vague and include nausea, vomiting, anorexia,\nnondescript upper abdominal distress\n• Mild epigastric tenderness to palpation; in some, physical signs\nabsent\n• Iron deﬁciency anemia not unusual\n• Endoscopy with gastric biopsy for deﬁnitive diagnosis\n• Multiple associations include stress and diminished mucosal blood', 'Gastroenterol 2007;21:671. [PMID: 17643908]']","Gastritis is inflammation of stomach lining caused by infection, stress, alcohol, or drugs, leading to pain, nausea, vomiting, and possible bleeding.",0.09606986899563319,0.7358101010322571
Setup_Medical,What is jaundice?,"<think>
Okay, let's tackle this question. The user is asking, ""What is jaundice?"" and wants the answer based only on the provided context. First, I need to scan through the context to find all mentions of jaundice.

Looking through the text, there's a section that starts with ""Jaundice—A condition where the skin and whites of the eyes take on a yellowish color due to an increase of bilirubin (a compound produced by the liver) in the blood."" That's a direct definition. 

Another part mentions jaundice in the context of liver disease, saying it's usually a sign of liver disease but not always. Also, in the section about fascioliasis, it notes that some patients develop jaundice as a symptom. There's also a mention of cholestasis and drug-induced cholestasis leading to jaundice. 

I need to make sure the answer includes the key points: yellowing of skin and eyes due to bilirubin, and that it's often linked to liver issues but not exclusively. The answer should be concise, 4-5 lines, using only the context. Avoid any external knowledge. Let me check if there's any other relevant info. The context also mentions bile pigments, so maybe mention that. But the main definition is already covered in the first mention. 

So the answer should state that jaundice is a condition causing yellowing of skin and eyes due to excess bilirubin in the blood, often a sign of liver disease but not always. That's four lines. Let me verify against the context again to ensure no other details are needed. The context also links it to blockage of bile ducts in some cases, but maybe that's part of the causes, which the question doesn't ask for. The question is just asking for the definition. So stick to the definition provided in the context.
</think>

Jaundice is a condition where the skin and whites of the eyes turn yellow due to increased bilirubin in the blood. It is often, but not always, a sign of liver disease. Bilirubin is a compound produced by the liver, and its accumulation causes the yellow discoloration. The condition can also result from bile duct blockage or other disruptions in bilirubin processing.","['Jaundice—A condition where the skin and whites\nof the eyes take on a yellowish color due to an\nincrease of bilirubin (a compound produced by\nthe liver) in the blood.\nReye’s syndrome —A serious, life-threatening ill-\nness in children, usually developing after a bout of\nflu or chickenpox, and often associated with the\nuse of aspirin. In fatal cases, there is evidence of\naccumulation of fat in the liver.\nTriglycerides—A type of fat consumed in the diet\nand produced by and stored in the body as an', 'eyes and skin known as jaundice.\nCholecystectomy —An operation to remove the\ngallbladder.\nCholecystotomy—An operation during which the\ngallbladder is opened, gallstones are removed,\nand excess bile is drained. The gallbladder is not\nremoved.\nDuct—A tube through which various substances\ncan pass. These substances can travel through\nducts to another organ or into the bloodstream.\nlaser) can be used to destroy the gallstones. The laparo-\nscopic procedure can also be used to remove the gallblad-']","Jaundice is yellow discoloration of skin and eyes due to increased bilirubin levels, often caused by liver disease, bile duct obstruction, or hemolysis.",0.09399477806788512,0.7415445446968079
Setup_Medical,What is diarrhea?,"<think>
Okay, let's tackle this question. The user is asking, ""What is diarrhea?"" and wants the answer based solely on the provided context. Let me read through the context again to make sure I don't miss any key points.

First, the context mentions that diarrhea is characterized by having more than 300 grams of stool per day, which is mainly due to excess water. It differentiates true diarrhea from hyperdefecation (just more bowel movements) and incontinence. The answer should include the definition based on weight and water content.

Then, the context talks about acute and chronic diarrhea. Acute lasts 1-2 weeks, chronic longer than 23 weeks. Common causes for acute are infections, food poisoning, medications like antibiotics and antacids, and sugar-free foods. For chronic, it lists things like AIDS, colon cancer, endocrine issues, and parasitic infections like Giardia.

The answer should also note that symptoms can include fever, nausea, vomiting, abdominal pain, and that the number of bowel movements can be up to 20 per day. Also, the context mentions that the cause is important because stopping diarrhea when it's the body's way of eliminating something can be harmful.

Wait, the user wants the answer in 4-5 lines, using only the context. Let me structure that. Start with the definition (weight and water content), mention acute vs. chronic, common causes, and maybe symptoms. Avoid going into treatment or specific diseases unless necessary. Let me check the key terms section too. It defines dysentery, empirical treatment, E. coli, HUS. But the question is about diarrhea itself, so maybe not needed unless they're part of the definition.

So, putting it all together: Diarrhea is defined by stool weight over 300g/day, mostly water. Acute is short-term, chronic longer. Common causes include infections, medications, etc. Symptoms vary but can include fever, vomiting, etc. Need to keep it concise, 4-5 lines. Let me make sure not to include info beyond the context. The answer should be straightforward.
</think>

Diarrhea is defined as the passage of more than 300 g of stool per day, primarily due to excess water (60–85% of fecal matter). It is categorized as acute (lasting 1–2 weeks) or chronic (over 23 weeks","['(300 g) per day generally indicates diarrhea. This is\nmainly due to excess water, which normally makes up\n60–85% of fecal matter. In this way, true diarrhea is dis-\ntinguished from diseases that cause only an increase in\nthe number of bowel movements (hyperdefecation), or\nincontinence (involuntary loss of bowel contents).\nDiarrhea is also classified by physicians into acute,\nwhich lasts one to two weeks, and chronic, which contin-\nues for longer than 23 weeks. Viral and bacterial infec-', 'tions are the most common causes of acute diarrhea.\nDescription\nIn many cases, acute infectious diarrhea is a mild,\nlimited annoyance. However, worldwide acute infectious\ndiarrhea has a huge impact, causing over five million\ndeaths per year. While most deaths are among children\nunder five years of age in developing nations, the impact,\neven in developed countries, is considerable. For exam-\nple, over 250,000 individuals are admitted to hospitals in']","Diarrhea is frequent passage of loose or watery stools, commonly due to infection, food intolerance, or gastrointestinal disorders, leading to dehydration and electrolyte imbalance.",0.04687500000000001,0.7072760462760925
Setup_Medical,What is constipation?,"<think>
Okay, let's tackle this question. The user is asking, ""What is constipation?"" and they want the answer based solely on the provided context. I need to make sure I don't use any outside knowledge.

First, I'll scan through the context to find the definition. The context mentions that constipation is an acute or chronic condition where bowel movements are less frequent than usual, with hard, dry stools that are painful or difficult to pass. It also notes that bowel habits vary, but for adults, not having a bowel movement for a certain period is a sign. 

Looking at the Essentials of Diagnosis section, it defines constipation as infrequent bowel movements with difficulty passing, often hard stools. There's also mention of possible causes like anatomic issues, neurological problems, or endocrine disorders, but the question is just about the definition.

I should avoid including causes or treatments unless necessary. The answer needs to be concise, 4-5 lines. Let me piece together the key points: definition, frequency, stool characteristics, and maybe the note about individual variation. The context also says it's one of the most common complaints in the US and can occur at any age. However, the main definition is in the ""Definition"" section under the GALE ENCYCLOPEDIA part.

So, the answer should state that constipation is a condition with infrequent or difficult bowel movements, hard/dry stools, and mention that it's common and varies by individual. I need to keep it within the line limit and use only the given info. Let me check if there's any other part that defines it more clearly. The first part of the context says it's one of the most common complaints, occurs when someone resists the urge to go, which might be relevant but maybe not necessary for the definition. The key parts are the infrequency, difficulty, and stool consistency.
</think>

Constipation is a condition characterized by infrequent bowel movements, hard or dry stools, and difficulty passing them. It is defined as having bowel movements less often than usual, often accompanied by pain or discomfort. Bowel habits vary, but adults with no movement for several days may be affected. It is a common complaint, influenced by factors like diet, hydration, and lifestyle.","['bowel movement in three days or a child who has not had\na bowel movement in four days is considered constipated.\nDescription\nConstipation is one of the most common medical\ncomplaints in the United States. Constipation can occur\nat any age, and is more common among individuals who\nresist the urge to move their bowels at their body’s sig-\nnal. This often happens when children start school or\nenter daycare and feel shy about asking permission to use\nthe bathroom.', 'Common Causes.” Postgraduate Medicine (May 1997):\n185-195.\nOTHER\nGriffith, H. Winter. “Conjunctivitis (Pink Eye).”ThriveOnline.\n<http://thriveonline.oxygen.com>.\nLisa Papp, RN\nConsciousness disorders see Coma\nConstipation\nDefinition\nConstipation is an acute or chronic condition in\nwhich bowel movements occur less often than usual or\nconsist of hard, dry stools that are painful or difficult to\npass. Bowel habits vary, but an adult who has not had a']","Constipation is infrequent or difficult bowel movements, often caused by low fiber intake, dehydration, or reduced physical activity, leading to discomfort and straining.",0.05626598465473146,0.739639163017273
Setup_Medical,What is neuron?,"<think>
Okay, let's tackle this question. The user is asking, ""What is neuron?"" and wants the answer based solely on the provided context. Let me look through the context again to find the relevant information.

In the context, there's a section that starts with ""Neuron—The cells within the body which make up the nervous system, specifically those along which information travels."" That seems like the direct definition. The answer should be concise, so I need to paraphrase that without adding extra info. The user wants it in 4-5 lines, but the example answer is just one line. Maybe they want it as brief as possible. Let me check if there's more info in the context about neurons. The rest talks about physiological and psychological components, peripheral nerves, diabetic neuropathy, etc., but nothing else about neurons. So the key part is the definition given. I should just restate that definition clearly. Make sure to use the terms from the context exactly as provided. No need to mention other parts unless necessary. The answer should be straightforward.
</think>

Neuron is a cell within the body that constitutes the nervous system and facilitates the transmission of information along its structure.","['organ or organism.\nNeuron—The cells within the body which make\nup the nervous system, specifically those along\nwhich information travels.\nPhysiological—Pertaining to the functioning of an\norgan, as governed by the interactions between its\nphysical and chemical conditions.\nPsychological—Pertaining to the mind, its mental\nprocesses, and its emotional makeup.\nStimulus/stimuli —Action or actions performed\non an individual which predictably provoke(s) a\nreaction.', 'nerves that link the CNS with the sensory organs, mus-\ncles, blood vessels, and glands of the body. These periph-\neral nerves are either motor, meaning that they are\ninvolved in motor activity such as walking, or sensory,\nmeaning that they carry sensory information back to the\nCNS. The PNS also works with the CNS to regulate\ninvoluntary (autonomic) processes such as breathing,\nheartbeat, blood pressure, etc.\nThere are two types of diffuse diabetic neuropathy']",Neuron is the basic functional unit of nervous system responsible for transmitting electrical and chemical signals between different parts of body.,0.07339449541284403,0.7078330516815186
Setup_Medical,What is stroke?,"<think>
Okay, let's tackle this question. The user is asking, ""What is stroke?"" and wants the answer based solely on the provided context. Let me start by scanning through the context to find relevant information.

First, the context mentions that a stroke is a sudden neurological deficit related to impaired blood supply to the brain. That's a key point. Then, there's a section on hemorrhagic stroke, which talks about petechial hemorrhages causing symptoms like seizures or dementia. Also, ischemic stroke is covered in Chapter 12, listing risk factors like hypertension, diabetes, and sudden onset of deficits. There's a distinction between ischemic and hemorrhagic strokes, with CT/MRI used for diagnosis. The treatment section mentions tPA for ischemic strokes within 4.5 hours and prevention with medications. 

I need to make sure the answer includes the sudden onset, impaired blood supply (either blockage or hemorrhage), the types (ischemic vs. hemorrhagic), and maybe mention the risk factors and treatments briefly. But the user wants it concise, 4-5 lines. Let me check the context again to avoid adding extra info. The answer should not include things like cerebral palsy or concussion since they're not related to the question. Focus on the definitions and key points from the stroke sections. Make sure to use the exact terms from the context, like ""sudden neurological deficit"" and ""impaired blood supply."" Also, mention the two main types if possible without exceeding the line limit. Alright, let's piece it together.
</think>

Stroke is a sudden neurological deficit caused by impaired blood supply to the brain, leading to symptoms like focal weakness, sensory defects, or confusion. It is categorized into ischemic (due to blocked blood flow) and hemorrhagic (due to bleeding) types. Risk factors include hypertension, diabetes, and atherosclerosis. Diagnosis involves imaging like CT/MRI, and treatment may include clot-busting drugs for ischemic strokes or managing bleeding in hemorrhagic cases.","['brain or spinal cord.\nStroke—Sudden neurological deficit related to\nimpaired blood supply to the brain.\nhemorrhage. Petechial hemorrhages (tiny hemorrhages\ninvolving many small vessels) may produce recurrent,\nbrief neurologic symptoms secondary to seizures or\ndecreased blood flow, or may produce rapidly progres-\nsive dementia (loss of memory and other brain functions)\nthat worsens in distinct steps rather than gradually. Over\n40% of patients with hemorrhage secondary to CAA also\nhave dementia.', 'stroke, or petechial hemorrhages, and are important in\nexcluding arteriovenous malformation, brain tumor,o r\nother causes of hemorrhage. Angiography (x-ray study\nof the interior of blood vessels and the heart) is not help-\nful in diagnosis of CAA, but may be needed to exclude\naneurysm. Brain biopsy (surgical removal of a small\npiece of brain tissue) may show characteristic amyloid\ndeposits, but is rarely performed, as the risk may not be']","Stroke occurs when blood supply to part of brain is interrupted or reduced, causing brain cell death and leading to neurological deficits like paralysis or speech loss.",0.07164179104477612,0.7038365006446838
Setup_Medical,What is epilepsy?,"<think>
Okay, I need to answer the question ""What is epilepsy?"" using the provided context. Let me look through the context first.

The context mentions that epilepsy is a neurological disorder characterized by recurrent seizures with or without loss of consciousness. There's also a section under ""Idiopathic Epilepsy"" that says epilepsy is the tendency toward recurrent seizures. The seizures are described as paroxysmal and transitory alterations of central nervous system function, which can be generalized or focal. The context also talks about diagnostic methods like metabolic panels and EEGs, but the question is about defining epilepsy itself.

So, putting that together, the answer should state that epilepsy is a neurological disorder with recurrent seizures, which can be generalized or focal, and may involve altered consciousness. I need to keep it concise, 4-5 lines, and only use the info given here. No need to include treatment or other related conditions unless specified. Let me check again to make sure I didn't miss any key terms. The key terms section defines epilepsy as mentioned. The answer should be straightforward based on that.
</think>

Epilepsy is a neurological disorder characterized by recurrent seizures, which are paroxysmal, transitory alterations in central nervous system function. Seizures may be generalized or focal and can occur with or without loss of consciousness. The condition involves a tendency toward repeated episodes, often requiring diagnostic evaluation (e.g., EEG, metabolic panels) to rule out other causes.","['1153\nElectrolyte disorders\nKEY TERMS\nEpilepsy —A neurological disorder characterized\nby recurrent seizures with or without a loss of con-\nsciousness.\nIctal EEG—Used to measure brain activity during\na seizure. May be useful in learning more about\npatients who aren’t responding to conventional\ntreatments.', 'Chapter 12 Neurologic Diseases 357\nIdiopathic Epilepsy\n■ Essentials of Diagnosis\n• Epilepsy is the tendency toward recurrent seizures\n• Seizures are paroxysmal, transitory alterations of central nervous\nsystem function; may be generalized or focal with or without alter-\nation of consciousness\n• Metabolic panel to rule out sodium, glucose, or calcium disorders;\nurine toxicology screen; antiepileptic drug levels may be helpful\n• CT or MRI important to rule out structural lesion; lumbar punc-']","Epilepsy is a neurological disorder characterized by recurrent seizures due to abnormal electrical activity in brain, affecting consciousness, movement, or behavior.",0.09338521400778212,0.7429647445678711
Setup_Medical,What is reflex action?,"<think>
Okay, the user is asking about reflex action. Let me check the provided context for any relevant information.

Looking through the context, the first paragraph mentions ""reflex is given either by spray or is gargled."" Wait, that seems a bit off. Maybe it's part of a medical procedure? The next part talks about sedating patients with injections, using an endoscope, and examining the upper GI tract. The term ""reflex"" here might refer to a procedure, like a sedation method. But the question is about reflex action, which is a physiological response.

The rest of the context includes terms like nerve conduction velocity, cholinergic drugs, and movement types. There's a mention of ""reflex"" in the first paragraph, but it's unclear. The key terms section doesn't define reflex action. However, in medical terms, a reflex action is an involuntary response to a stimulus. Since the context doesn't provide a direct definition, I need to infer based on standard knowledge but using only the given info. The first part mentions reflex in the context of a procedure, but that's probably not the answer. The user might be confused because the context uses ""reflex"" in a different way. But since the question is about reflex action, the answer should be the standard definition, even if the context is a bit confusing. However, the user instructed to use only the provided context. Wait, the first line says ""reflex is given either by spray or is gargled."" That might be part of a procedure, but not the definition. There's no direct definition here. Maybe the user made a mistake in the context? Alternatively, perhaps the context is incomplete. Since the user wants the answer based solely on the context, but there's no clear definition, I might have to state that the context doesn't provide information on reflex action. But that's not helpful. Alternatively, maybe the first part refers to a reflex test, like the gag reflex, which is tested by spray or gargling. So, a reflex action is an automatic response, like the gag reflex. But the context doesn't explicitly state that. Hmm. The user wants the answer based only on the context. Since the context mentions reflex in the context of a procedure (spray/gargle) but doesn't define it, perhaps the answer is that the context doesn't provide a definition. But the user expects an answer. Maybe the term ""reflex"" here","['reflex is given either by spray or is gargled. Patients are\nusually sedated for the procedure (though not always) by\ninjection of medications into a vein. The endoscopist\nthen has the patient swallow the scope, which is passed\nthrough the upper gastrointestinal tract. The lens or cam-\nera at the end of the instrument allows the endoscopist to\nexamine each portion of the upper gastrointestinal tract;\nphotos can be taken for reference. Air is pumped in', 'deficit of motor (movement) activity that can render\nhim/her motionless. Catatonic excitement, or excessive\nmovement, is associated with violent behavior directed\ntoward oneself or others.\nFeatures of catatonia may also be seen in Neuroleptic\nMalignant Syndrome (NMS) which is an uncommon (but\npotentially lethal) reaction to some medications used to\ntreat major mental illnesses. NMS is considered a medical\nemergency since 25% of untreated cases result in death.']","Reflex action is an automatic, rapid response to a stimulus without conscious control, mediated through spinal cord pathways for protection and quick reaction.",0.0477326968973747,0.6887137293815613
Setup_Medical,What is coma?,"<think>
Okay, let's tackle this question. The user is asking, ""What is coma?"" and wants the answer based solely on the provided context.

First, I need to recall the definition given in the context. The context starts by defining coma as a state of extreme unresponsiveness with no voluntary movement or behavior. It also mentions that even painful stimuli don't elicit a response in a deep coma, and normal reflexes may be lost. 

Next, I should check if there's any additional information necessary. The context also talks about the causes being anatomic or metabolic, but the question is just asking for the definition. The part about the Glasgow Coma Scale is for evaluation, but maybe not needed here. The key elements are the state of unresponsiveness, lack of voluntary movement, no response to stimuli, and loss of reflexes.

I need to make sure the answer is concise, within 4-5 lines. Let me structure it: start with the definition, mention the lack of response to stimuli, and note the loss of reflexes. Avoid going into causes or prognosis unless necessary. The answer should be straightforward based on the definition section provided.
</think>

Coma is a state of extreme unresponsiveness characterized by no voluntary movement or behavior. Individuals in a deep coma do not react to painful stimuli, and normal reflexes may be lost. It results from disruptions in brain function affecting consciousness, either due to anatomic (structural) or metabolic (chemical) causes. The condition is assessed using tools like the Glasgow Coma Scale to evaluate severity and track progress.","['Carol A. Turkington\nComa\nDefinition\nComa, from the Greek word “koma,” meaning deep\nsleep, is a state of extreme unresponsiveness, in which an\nindividual exhibits no voluntary movement or behavior.\nFurthermore, in a deep coma, even painful stimuli\n(actions which, when performed on a healthy individual,\nresult in reactions) are unable to affect any response, and\nnormal reflexes may be lost.\nDescription\nComa lies on a spectrum with other alterations in con-', 'Metabolic causes of coma are diagnosed from blood\nwork and urinalysis to evaluate blood chemistry, drug\nscreen, and blood cell abnormalities that may indicate\ninfection. Anatomic causes of coma are diagnosed from\ncomputed tomography scans (CT) or magnetic reso-\nnance imaging (MRI) scans.\nTreatment\nComa is a medical emergency, and attention must\nfirst be directed to maintaining the patient’s respiration\nand circulation, using intubation aand ventilation, admin-']",Coma is a prolonged state of unconsciousness where a person cannot be awakened and does not respond to stimuli due to severe brain dysfunction.,0.08540925266903913,0.7210685610771179
Setup_Medical,What is hormone?,"<think>
Okay, let's tackle this question. The user is asking, ""What is hormone?"" and they want the answer based only on the provided context. Let me look through the context again to find the relevant information.

First, there are a few definitions of hormone in the context. The first one says: ""Hormone —A chemical messenger secreted by a gland and released into the blood, which allows it to travel to distant cells where it exerts an effect."" Then later, another definition: ""Hormone —A chemical produced in one part of the body that travels to another part of the body in order to exert its effect."" There's also a mention that hormones are produced by endocrine glands or certain cells and regulate metabolic activities. 

I need to combine these points without adding extra info. The key elements are: chemical messenger, produced by glands or cells, travels via blood, affects distant cells, regulates metabolic activities. I should make sure to mention the secretion into the blood and the effect on distant cells. Also, note that they are produced by endocrine glands. Let me check if there's any conflicting info. No, all the definitions align. So the answer should be concise, using the context's wording. Let me put it together in 4-5 lines.
</think>

Hormone is a chemical messenger produced by endocrine glands or certain cells, secreted into the bloodstream to travel to distant cells and regulate metabolic activities. It acts as a signaling molecule that exerts effects on target cells, such as regulating growth, reproduction, and stress responses. Examples include estrogen, progesterone, and cortisol, which control processes like ovulation, uterine preparation, and stress management.","['cal hormones that are mainly active in protecting\nagainst stress and in protein and carbohydrate\nmetabolism.\nHormone —A chemical produced in one part of\nthe body that travels to another part of the body in\norder to exert its effect.\nHypothalamus —the part of the brain containing\nsecretions important to metabolic activities.\nPituitary —A gland located at the base of the\nbrain, the pituitary produces a number of hor-\nmones, including hormones that regulate growth\nand reproductive function.', 'Hormone —A chemical messenger produced by\nthe endocrine glands or certain other cells. Hor-\nmones are usually carried in the blood stream and\nregulate some metabolic activities.\nSteroids—Hormones, including aldosterone, cor-\ntisol, and androgens, derived from cholesterol that\nshare a four-ring structure.\nopenings for surgical instruments. Adrenalectomy is fol-\nlowed by hormone therapy, but in lower doses than CAH\npatients not treated surgically receive.\nPrognosis']","Hormones are chemical messengers secreted by endocrine glands that regulate body functions such as growth, metabolism, reproduction, and homeostasis.",0.10309278350515462,0.742946982383728
Setup_Medical,What is diabetes mellitus?,"<think>
Okay, let's tackle this question. The user is asking, ""What is diabetes mellitus?"" and I need to answer using only the provided context. Let me start by scanning through the context for relevant information.

First, in the context, there's a section under ""Diabetes mellitus"" that starts with the definition: ""Diabetes mellitus is a condition in which the pancreas no longer produces enough insulin or when cells..."" So that's a key point. The answer should mention that it's a condition related to insulin production or cell response.

Then, looking at the types mentioned, Type I involves the immune system destroying insulin-producing cells in the pancreas, triggered by a virus or microorganism. Type II is linked to age, obesity, family history, and the pancreas may not produce enough insulin. The context also notes that both genetic and environmental factors play a role.

I should make sure to differentiate between Type I and Type II as per the context. Also, the answer needs to be concise, 4-5 lines. Let me check if there's any other info. The context mentions complications like diabetic neuropathy and ketoacidosis, but the question is about the definition, so maybe not necessary unless it's part of the basic definition.

Putting it all together: Start with the definition from the context, mention the two types with their causes (immune system for Type I, age/obesity/family for Type II), and note the role of insulin. Keep it within the line limit. Let me draft that.
</think>

Diabetes mellitus is a condition where the pancreas fails to produce sufficient insulin or the body's cells do not respond properly to insulin. Type I diabetes involves the immune system destroying insulin-producing pancreatic cells, often triggered by viruses. Type II diabetes is associated with age, obesity, family history, and reduced insulin production or effectiveness. Both types involve genetic and environmental factors in their development.","['York: McGraw-Hill, 1997.\nPERIODICALS\nAdam, Patricia. “Evaluation and Management of Diabetes\nInsipidus.” American Family Physician 55, no. 6 (1 May\n1997): 2146+.\nSinger, Irwin, et al. “The Management of Diabetes Insipidus in\nAdults.” Archives of Internal Medicine 157, no. 12 (23\nJune 1997): 1293+.\nRosalyn Carson-DeWitt, MD\nDiabetes mellitus\nDefinition\nDiabetes mellitus is a condition in which the pan-\ncreas no longer produces enough insulin or when cells', '<http://www.diabetes.org>.\nMaureen Haggerty\nDiabetic ketoacidosis\nDefinition\nDiabetic ketoacidosis is a dangerous complication of\ndiabetes mellitus in which the chemical balance of the\nbody becomes far too acidic.\nDescription\nDiabetic ketoacidosis (DKA) always results from a\nsevere insulin deficiency. Insulin is the hormone secret-\ned by the body to lower the blood sugar levels when\nthey become too high. Diabetes mellitus is the disease\nresulting from the inability of the body to produce or']",Diabetes mellitus is a metabolic disorder characterized by high blood glucose levels due to insufficient insulin production or impaired insulin action.,0.05454545454545455,0.7001910209655762
Setup_Medical,What is insulin?,"<think>
Okay, let's tackle this question. The user is asking, ""What is insulin?"" and wants the answer based solely on the provided context. Let me read through the context again to find relevant information.

Looking at the context, there's a lot about diabetes, especially Type II. The key parts about insulin are in the sections explaining how insulin works. The context mentions that insulin is produced by the pancreas, behind the stomach. It bonds to a receptor on cells, acting like a key to let glucose enter. Without enough insulin or if cells are resistant, glucose stays in the blood. Also, there's info that insulin helps convert glucose into energy, and when there's a deficiency, the body uses fat, leading to acidic ketones. 

I need to make sure the answer includes the production site (pancreas), its role in allowing glucose into cells, and maybe mention the consequences when there's a deficiency. The context also says insulin is required to convert glucose to energy. The answer should be concise, 4-5 lines. Let me check if there's any other part. The context also talks about insulin injections for Type II when diet and meds aren't enough, but the question is about what insulin is, not treatment. So focus on the function and production. 

Putting it all together: Insulin is a hormone made by the pancreas. It allows cells to take in glucose for energy. When insulin is lacking or ineffective, glucose stays in the blood, leading to hyperglycemia. Also, it helps convert glucose into glycogen or fat for storage. Need to mention the key analogy from the context. Let me structure that clearly without exceeding the line limit.
</think>

Insulin is a hormone produced by the pancreas that allows glucose to enter cells for energy conversion. It binds to cell receptors, acting like a key to facilitate glucose uptake. Insufficient insulin or cellular resistance leads to elevated blood glucose (hyperglycemia). It also aids in storing excess glucose as glycogen or fat. Deficiency causes the body to break down fat, producing acidic ketones.","['to insulin, which is required by the body to convert\nglucose to energy.\nEdema—The presence of abnormally large amounts\nof fluid in the intercellular tissue spaces of the body.\nGlucose—The type of sugar found in the blood.\nHyperglycemia—Condition characterized by exces-\nsively high levels of glucose in the blood, and\noccurs when the body does not have enough\ninsulin or cannot use the insulin it does have to turn\nglucose into energy. Hyperglycemia is often indica-', 'the pancreas, an organ located behind the stomach.\nInsulin bonds to a receptor site on the outside of cell and\nacts like a key to open a doorway into the cell through\nwhich glucose can enter. Some of the glucose can be\nconverted to concentrated energy sources like glycogen\nor fatty acids and saved for later use. When there is not\nenough insulin produced or when the doorway no longer\nrecognizes the insulin key, glucose stays in the blood\nrather entering the cells.']",Insulin is a hormone produced by pancreas that regulates blood glucose by facilitating uptake of glucose into cells for energy and storage.,0.08839779005524862,0.7420065402984619
Setup_Medical,What is hyperthyroidism?,"<think>
Okay, let's tackle this question. The user is asking, ""What is hyperthyroidism?"" and they want the answer based solely on the provided context.

First, I need to look through the context given. The context includes sections from Chapter 7 on Endocrine Disorders. There's a section specifically about Hyperthyroidism under Essentials of Diagnosis. The key points there mention symptoms like sweating, weight loss, heat intolerance, irritability, weakness, increased bowel movements, menstrual irregularity. Also, physical findings include sinus tachycardia or atrial fibrillation, tremor, warm moist skin, eye findings (stare, lid lag), diffuse goiter, thyroid bruit, and exophthalmos in Graves' disease. The lab findings are elevated serum FT4 and FT3 with low or undetectable TSH.

I should make sure not to include information from other sections unless relevant. For example, there's a mention of hypothyroidism and primary hyperparathyroidism, but those aren't directly related to hyperthyroidism. The answer needs to be concise, 4-5 lines, using only the provided info. I need to avoid any external knowledge and stick strictly to what's in the context. Let me check if there's any other part of the context that mentions hyperthyroidism. The differential diagnosis for hyponatremia includes hyperthyroidism, but that's probably not necessary here. The main section under Hyperthyroidism is the Essentials of Diagnosis part. So the answer should include the main symptoms, physical signs, and lab results as per that section. Let me structure that into a few lines without going over the limit.
</think>

Hyperthyroidism is a condition characterized by excessive thyroid hormone production, leading to symptoms such as sweating, weight loss, heat intolerance, irritability, and menstrual irregularity. Physical findings include sinus tachycardia, tremor, warm moist skin, and exophthalmos (in Graves’ disease). Laboratory results show elevated serum free thyroxine (FT4) and free triiodothyronine (FT3) with low or undetectable thyroid-stimulating hormone (TSH).","['antidiuretic hormone hypersecretion (SIADH) or primary poly-\ndipsia is the cause\n■ Differential Diagnosis\n• Hypovolemic causes (thiazides, osmotic diuresis, adrenal insuf-\nﬁciency, vomiting, diarrhea, ﬂuid sequestration)\n• Hypervolemic causes (congestive heart failure, cirrhosis, nephrotic\nsyndrome, advanced renal failure, pregnancy)\n• Euvolemic causes (hypothyroidism, SIADH, glucocorticoid insuf-\nﬁciency, reset osmostat, primary polydipsia)', 'Chapter 7 Endocrine Disorders 187\n7\nHyperthyroidism\n■ Essentials of Diagnosis\n• Sweating, weight loss, heat intolerance, irritability, weakness,\nincreased number of bowel movements, menstrual irregularity\n• Sinus tachycardia or atrial ﬁbrillation, tremor, warm moist skin,\neye ﬁndings (stare, lid lag); diffuse goiter, thyroid bruit and exoph-\nthalmos in Graves’ disease\n• Serum FT4 and FT3 increased; TSH low or undetectable\n• Radioiodine uptake scan will differentiate Graves’ disease, toxic']","Hyperthyroidism is condition where thyroid gland produces excess hormones, increasing metabolism, causing weight loss, rapid heartbeat, nervousness, and heat intolerance.",0.050473186119873815,0.7302285432815552
Setup_Medical,What is hypothyroidism?,"<think>
Okay, I need to answer the question ""What is hypothyroidism?"" using only the provided context. Let me look through the context again.

The context mentions hypothyroidism as a disorder where the thyroid gland produces too little thyroid hormone, leading to a decreased metabolism rate and effects on the reproductive system. There's also information in Chapter 7 about adult hypothyroidism and myxedema, listing symptoms like fatigue, cold intolerance, constipation, weight gain, etc., and lab findings such as low free thyroxine and elevated TSH in primary hypothyroidism.

So the answer should define hypothyroidism as a thyroid disorder with underproduction of hormones, causing metabolic slowdown and related symptoms. I need to keep it concise, 4-5 lines, using only the context. Avoid mentioning other conditions unless necessary. Make sure to include the key points from the context provided.
</think>

Hypothyroidism is a disorder where the thyroid gland produces insufficient thyroid hormone, leading to reduced metabolic rate. This results in symptoms like fatigue, cold intolerance, constipation, weight gain, and menstrual irregularities. Laboratory findings include low serum free thyroxine (FT4) and elevated thyroid-stimulating hormone (TSH) in primary cases. It may also affect the reproductive system and is associated with conditions like myxedema.","['Hypothyroidism—A disorder in which the thyroid\ngland produces too little thyroid hormone causing\na decrease in the rate of metabolism with associat-\ned effects on the reproductive system.\nLupus erythematosus —A chronic inflammatory\ndisease in which inappropriate immune system\nreactions cause abnormalities in the blood vessels\nand connective tissue.\nProgesterone —A hormone naturally secreted by\nthe ovary, or manufactured synthetically, that\nprepares the uterus for implantation of a fertil-', 'antidiuretic hormone hypersecretion (SIADH) or primary poly-\ndipsia is the cause\n■ Differential Diagnosis\n• Hypovolemic causes (thiazides, osmotic diuresis, adrenal insuf-\nﬁciency, vomiting, diarrhea, ﬂuid sequestration)\n• Hypervolemic causes (congestive heart failure, cirrhosis, nephrotic\nsyndrome, advanced renal failure, pregnancy)\n• Euvolemic causes (hypothyroidism, SIADH, glucocorticoid insuf-\nﬁciency, reset osmostat, primary polydipsia)']","Hypothyroidism is condition of reduced thyroid hormone production, leading to slowed metabolism, fatigue, weight gain, cold intolerance, and depression.",0.12962962962962965,0.7944293022155762
Setup_Medical,What is infection?,"<think>
Okay, let's tackle this question. The user is asking, ""What is infection?"" and they want the answer based solely on the provided context. Let me start by scanning through the context to find relevant information.

First, the context mentions several diseases and medical terms. The main sections about infections include Enterobacterial infections and some other conditions. The definition part says that Enterobacterial infections are disorders caused by Enterobacteriaceae, which are gram-negative bacteria. Examples include E. coli, Salmonella, Shigella, etc. It also notes that these infections can be from bacteria normally in the digestive tract or from external sources. The context also talks about how infections can spread, like from localized infections (urinary tract, pneumonia, skin) or medical conditions (periodontal disease, colon cancer). 

The key terms listed include ""Antibiotics,"" ""Antibodies,"" ""Bacterium,"" and others. The Hepatitis E section isn't directly relevant here. The part about immunocompromised individuals is important because it mentions that patients with weakened immune systems are more susceptible. 

The answer needs to define infection in 4-5 lines using only the context. So, infection is caused by microorganisms like bacteria (specifically Enterobacteriaceae mentioned), can originate from the body's own flora or external sources, may spread through various routes (localized infections, medical procedures), and can affect different organ systems. Also, immunocompromised individuals are at higher risk. 

I should avoid using any external knowledge. Make sure to mention the types of bacteria from the context, how they spread, and the impact on the body. Also, note that some infections are nosocomial (hospital-acquired) as per the context. Let me piece this together concisely.
</think>

Infection is a condition caused by microorganisms, such as bacteria (e.g., Enterobacteriaceae like *E. coli*, *Salmonella*), invading the body. These pathogens can originate from the body’s own flora or external sources, often entering via localized infections (e.g., urinary tract, pneumonia) or medical procedures. They may spread to other systems, causing diseases like pneumonia, urinary tract infections, or digestive tract disorders. Immunocompromised individuals and hospital settings (nosocomial infections) are particularly vulnerable.","['disease that attacks the immune system.\nAntibiotics —A category of manufactured sub-\nstances used to combat infection.\nAntibodies —Special substances created by the\nbody to combat infection.\nBacterium—A tiny organism. Some bacteria cause\ndisease.\nHepatitis—A disease that inflames the liver.\nImmune system—A body system that combats dis-\nease.\nImmunocompromised—Having a damaged immune\nsystem.\nLymph nodes—Small, kidney-shaped organs that\nfilter a fluid called lymph.', 'KEY TERMS\nAntibiotics—Substances used against microorgan-\nisms that cause infection.\nCataract —Clouding of the lens of the eye or its\ncapsule (surrounding membrane).\nComputed tomography scan (CT scan) —A\nprocess that uses x rays to create three-dimension-\nal images of structures inside the body.\nElectrolytes —Substances that conduct electric\ncurrent within the body and are essential for sus-\ntaining life.\nMagnetic resonance imaging (MRI) —The use of']","Infection occurs when microorganisms like bacteria, viruses, or fungi invade body tissues, multiply, and cause disease by damaging cells or triggering immune responses.",0.03943661971830986,0.7122275829315186
Setup_Medical,What is immunity?,"<think>
Okay, the user is asking, ""What is immunity?"" Let me look through the provided context to find relevant information.

First, the context defines several key terms. The immune system is described as the body's system responsible for producing cells and chemicals to fight infections. It also mentions that in autoimmune diseases, the immune system attacks the body itself. 

The term ""immunity"" isn't explicitly defined in the context, but I can infer it from related terms. The immune system's role is to defend against foreign invaders like bacteria and viruses. Also, vaccines are mentioned as preparations that build immunity against infections. 

So, immunity would be the body's ability to resist or fight off infections, which is mediated by the immune system. The context also talks about antibodies, which are proteins produced by the immune system in response to antigens. This suggests that immunity involves the production of antibodies and the overall function of the immune system to protect the body.

I need to make sure I don't include information outside the context. Since the context doesn't directly define immunity, I'll base the answer on the immune system's role and how vaccines work. The answer should be concise, 4-5 lines, using only the provided info.
</think>

Immunity is the body's ability to resist or fight infections and diseases, mediated by the immune system. The immune system produces antibodies—specialized proteins that recognize and neutralize foreign invaders like bacteria and viruses. It also involves defenses against pathogens through mechanisms like inflammation and the production of immune cells. Vaccines enhance immunity by preparing the immune system to recognize and combat specific pathogens. Autoimmune disorders occur when immunity mistakenly targets the body's own tissues.","['protecting the body from outside agents, the immune\nsystem attacks parts of its own body with a deluge of\nantibodies. Autoimmunity is thought to be the cause of\nmany collagen-vascular diseases, including rheumatoid\narthritis and systemic lupus erythematosus . It is also\nthe cause of the autoimmune hemolytic anemias . The\nCoombs’ tests detect the antibodies responsible for the\ndestruction of the red blood cells.\nCauses of autoimmune hemolytic anemia include:', 'digestive system, running from the stomach,\nthrough the small intestine, large intestine, and out\nthe rectum and anus.\nImmune system—The body system responsible for\nproducing various cells and chemicals that fight\ninfection by viruses, bacteria, fungi, and other for-\neign invaders. In autoimmune disease, these cells\nand chemicals turn against the body itself.\nInflammation —The result of the body’s attempts\nto fight off and wall off an area that is infected.']","Immunity is the body’s ability to resist infections through defense mechanisms including physical barriers, immune cells, and antibodies that recognize and eliminate pathogens.",0.09933774834437087,0.7771031260490417
Setup_Medical,What is vaccination?,"<think>
Okay, so the user is asking, ""What is vaccination?"" Let me start by looking at the context provided.

First, the context defines a vaccine as a preparation with killed or weakened microorganisms to build immunity. That's a key point. Then, it mentions that vaccines are used against some viruses like polio, herpes B, etc. Also, there's info on how vaccines work by the immune system making antibodies. 

Wait, the user is asking about vaccination, not just vaccines. So vaccination would be the process of administering the vaccine. The context also talks about immunization, which is related. The DTP vaccine example is given, and there's mention of how vaccines prevent infection by building immunity. 

I need to make sure the answer includes that vaccination uses killed or weakened pathogens to stimulate the immune system to create immunity. Also, maybe mention that it's used to prevent diseases. The context also differentiates between traditional vaccines and cancer vaccines, but the question is general. 

Check if there's any other relevant info. The context says vaccines are used to immunize against specific infections, and the immune system produces antibodies. Also, there's a part about the varicella vaccine and its effectiveness. But the answer should be concise, 4-5 lines. 

So putting it all together: Vaccination is the administration of a vaccine containing killed or weakened microorganisms to stimulate the immune system to build immunity against specific infections. It prevents diseases by prompting antibody production. Examples include DTP and varicella vaccines. Make sure to use only the provided context and not add external knowledge.
</think>

Vaccination is the administration of a vaccine containing killed or weakened microorganisms to stimulate the immune system to build immunity against specific infections. It works by prompting the body to produce antibodies, which defend against future exposure to the pathogen. Vaccines prevent diseases like polio, diphtheria, and chickenpox by training the immune system to recognize and combat the causative agent. Examples include the DTP vaccine for childhood diseases and the varicella vaccine for chickenpox.","['(CNS), blood system, and musculoskeletal system.\nVaccine—A prepartation containing killed or\nweakened microorganisms used to build immuni-\nty against infection from that microorganism.\nVirus—A very small organism that can only live\nwithin a cell. They are unable to reproduce out-\nside that cell.\nVaccines are available against some viruses, includ-\ning polio, herpes B, Japanese encephalitis, and equine\nencephalitis. Rabies vaccine is available for animals; it is', 'and vaccinations are given to reduce the risk of disease.\nOften, the person is vaccinated against infections that\ninclude influenza, pneumonia, and meningitis. In some\ncases, (e.g., a specific disease called paroxysmal noctur-\nnal hemoglobinuria [PNH]), a bone marrow transplant\nmay be recommended.\nAlternative treatment\nThere is no alternative treatment for complement\nproblems.\nPrognosis\nSince complement deficiencies include a wide range\nof disorders, the prognoses can also vary widely. Some']","Vaccination is the process of administering weakened or inactive pathogens to stimulate immune response, providing protection against specific infectious diseases.",0.08498583569405099,0.740547776222229
Setup_Medical,What is antibiotic?,"<think>
Okay, let's tackle this question. The user is asking, ""What is antibiotic?"" and they want the answer based only on the provided context. Let me look through the context again to find relevant information.

First, in the context under the ""KEY TERMS"" section, there's a definition: ""Antibiotic—A chemical substance produced by a microorganism which can inhibit the growth of or kill other microorganisms."" That's a direct definition. Then, later in the text, there's another mention: ""Antibiotics—Substances used against microorganisms that cause infection."" Also, another part says, ""Antibiotics are given to wipe out the bacteria, to prevent the spread of the disease..."" and ""Fluoroquinolones... are used to treat... bacterial infections...""

So combining these, the answer should mention that antibiotics are substances used against microorganisms, produced by microorganisms or manufactured, to kill or inhibit their growth. The key points from the context are the production by microorganisms, inhibition or killing of other microorganisms, and their use against infections. I need to make sure not to include any external knowledge. Also, note that in one part it says ""manufactured substances"" but the primary definition here is about being produced by microorganisms. The answer should be concise, 4-5 lines, using only the given info. Let me structure that.
</think>

An antibiotic is a chemical substance produced by a microorganism that inhibits the growth of or kills other microorganisms. It is used to combat infections caused by bacteria, such as preventing disease spread or treating conditions like pneumonia. Examples include penicillin, ampicillin, and erythromycin, which may be administered intravenously. They are distinct from antitoxins and are often prescribed for bacterial infections in various body systems.","['for transmission by this route is still present.\nKEY TERMS\nAntibiotic—A chemical substance produced by a\nmicroorganism which can inhibit the growth of or\nkill other microorganisms.\nDebridement— Surgical removal of damaged tis-\nsue and foreign objects from a wound.\nI&D—Incision and drainage of a wound.\nIrrigation—Cleansing a wound with large amounts\nof water and/or an antiseptic solution.\nParenteral—Administered inside the body but out-\nside the digestive tract.', 'disease that attacks the immune system.\nAntibiotics —A category of manufactured sub-\nstances used to combat infection.\nAntibodies —Special substances created by the\nbody to combat infection.\nBacterium—A tiny organism. Some bacteria cause\ndisease.\nHepatitis—A disease that inflames the liver.\nImmune system—A body system that combats dis-\nease.\nImmunocompromised—Having a damaged immune\nsystem.\nLymph nodes—Small, kidney-shaped organs that\nfilter a fluid called lymph.']","Antibiotics are drugs used to treat bacterial infections by killing bacteria or inhibiting their growth, but they are ineffective against viral infections.",0.09556313993174062,0.7441726326942444
Setup_Medical,What is virus?,"<think>
Okay, I need to answer the question ""What is virus?"" using only the information provided in the given context. Let me start by reading through the context carefully to extract relevant details.

The context mentions that viruses are divided into those using DNA or RNA as genetic material. All enteroviruses are RNA viruses. Enteroviruses are part of the Picornaviruses group, which includes Coxsackievirus, Echovirus, ungrouped Enterovirus, and Poliovirus. They are transmitted via fecal-oral route, contaminated food/water, or air droplets. They cause diseases in various systems like heart, skin, etc. Also, there's a mention of other viruses like Herpes zoster, Staphylococcus, Streptococcus, Parainfluenza, and HSV-1 causing different conditions. The context also refers to viruses being contagious and transmitted through sneezing, coughing, or contact with contaminated objects. 

Wait, the question is about what a virus is in general. The context provides specific info on enteroviruses and other examples. So, I need to generalize based on the given info. The key points from the context about viruses are: they use DNA or RNA as genetic material (all enteroviruses are RNA), they cause diseases in various systems, they are transmitted through different routes (like fecal-oral, air droplets, contact), and they can lead to various infections. Also, viruses are contagious and can be spread through sneezing, coughing, etc. 

The answer should be concise, 4-5 lines, using only the context. Avoid mentioning bacteria like Staphylococcus unless necessary. Focus on the definition: a virus is a microorganism that uses DNA or RNA, causes disease, transmitted via specific routes, and examples given in the context like enteroviruses. Also, note that they require a host to replicate (implied by causing disease in hosts). 

Putting it all together: A virus is a microorganism that uses DNA or RNA as genetic material, causes diseases in various body systems, and spreads through routes like fecal-oral, contaminated objects, or air droplets. Examples include enteroviruses like Coxsackievirus and Poliovirus. They are contagious and can lead to conditions such as encephalitis or meningitis. 

Check if all info is from the context","['Herpes zoster virus —Acute inflammatory virus\nthat attacks the nerve cells on the root of each\nspinal nerve with skin eruptions along a sensory\nnerve ending.\nStaphylococcus —A bacterial organism, looking\nmuch like a cluster of grapes, that can infect vari-\nous body systems.\nStreptococcus—An organism that causes infections of\neither the upper respiratory or gastrointestinal tract.\nWeber, Carol Martinez and Joseph Eichenbaum. “Acute Red\nEye: Differentiating Viral Conjunctivitis From Other Less', 'Mayo Medical Laboratories. Interpretive Handbook.\nRochester, MN: Mayo Medical Laboratories, 1997.\nKEY TERMS\nAntibody—A special protein built by the body as a\ndefense against foreign material entering the body.\nCytomegalovirus (CMV) —A common human\nvirus causing mild or no symptoms in healthy peo-\nple, but permanent damage or death to an infect-\ned fetus, a transplant patient, or a person with HIV.\nTiter—A dilution of a substance with an exact\nknown amount of fluid. For example, one part of']","Virus is a microscopic infectious agent that requires host cells to replicate, causing diseases by invading cells and disrupting their normal functions.",0.05571030640668524,0.698810875415802
Setup_Medical,What is dehydration?,"<think>
Okay, I need to answer the question ""What is dehydration?"" using the provided context. Let me start by reading through the context carefully.

The context explains that dehydration happens when the body loses more fluid than it takes in. It lists causes like illness, hot climates, not drinking enough water, and diuretics. It mentions that this disrupts the fluid-salt balance needed for healthy cells. There's also info on types (mild, moderate, severe) and complications like hypovolemic shock. The answer should be concise, 4-5 lines, using only the given info.

So, the key points to include are: definition (loss of water and salts when output exceeds intake), causes (illness, climate, medications), effect on fluid-salt balance, and maybe mention the severity categories. I need to avoid adding any external knowledge. Let me check the exact wording from the context to ensure accuracy. The first paragraph says dehydration occurs when the body loses more fluid than it takes in, resulting from various factors. The definition section also states it's the loss of water and salts essential for normal function. Combining these, the answer should define dehydration, mention causes, and the impact on the body's balance. Let me structure that into 4-5 lines without being too wordy.
</think>

Dehydration is the loss of water and salts essential for normal body function, occurring when fluid loss exceeds intake. It can result from illness, hot climates, insufficient water consumption, or diuretic medications. This imbalance disrupts the body’s fluid-salt equilibrium, affecting cells and tissues. Mild cases involve up to 5% fluid loss, while severe dehydration (10–15% loss) is life-threatening and requires urgent medical care. Complications include hypovolemic shock and impaired organ function.","['Care. 29 Apr. 1998 <http://www.hsc.missouri.edu/~\nshrp/rtwww/rcweb/aarc/ddrcpg.html>.\n“Defibrillation.” American Heart Association. 1997. 9 Apr.\n1998 <http://www.americanheart.org>.\nLori De Milto\nDefinitive cancer therapy see Cancer\ntherapy, definitive\nDegenerative arthritis see Osteoarthritis\nDehydration\nDefinition\nDehydration is the loss of water and salts essential\nfor normal body function.\nDescription\nDehydration occurs when the body loses more fluid', 'throughout the world.\nTypes of dehydration\nMild dehydration is the loss of no more than 5% of\nthe body’s fluid. Loss of 5–10% is considered moderate\ndehydration. Severe dehydration (loss of 10–15% of\nbody fluids) is a life-threatening condition that requires\nimmediate medical care.\nComplications of dehydration\nWhen the body’s fluid supply is severely depleted,\nhypovolemic shock is likely to occur. This condition,\nwhich is also called physical collapse, is characterized by']","Dehydration is a condition resulting from excessive loss of body fluids, leading to imbalance in electrolytes and impaired physiological functions.",0.07432432432432433,0.7214946150779724
Setup_Medical,What is electrolyte?,"<think>
Okay, let's tackle this question. The user is asking, ""What is electrolyte?"" and wants the answer based solely on the provided context. Let me read through the context again to make sure I get the key points.

The context starts by defining electrolytes as ions with positive and negative charges found in cells, between cells, bloodstream, and other body fluids. It lists examples like sodium, potassium, calcium, magnesium as cations and chloride, bicarbonate, phosphate as anions. It mentions their role in maintaining balance, pH, acid-base levels, osmosis, and fluid movement. Also, it talks about tests measuring their concentrations and how imbalances can indicate diseases.

So the answer needs to be concise, 4-5 lines. I need to include the definition, mention they are ions (positively and negatively charged), examples of each charge, their functions in the body (balance pH, fluid movement, neuromuscular functions), and maybe their presence in different body fluids. Let me check the word count and make sure not to include treatment or disorders unless necessary. The question is just about what an electrolyte is, so focus on the definition and roles. Avoid mentioning tests or disorders unless the context explicitly links them to the definition. The context does mention their role in balance and functions, so that's okay. Let me structure it step by step.
</think>

Electrolytes are ionized molecules (ions) with positive (cations) or negative (anions) charges found in blood, tissues, and cells. They include sodium, potassium, calcium, magnesium (cations) and chloride, bicarbonate, phosphate (anions). These ions help balance pH, regulate fluid movement via osmosis, and support neuromuscular and cellular functions. Their concentrations remain stable in healthy individuals but can shift due to disease or fluid imbalances.","['Electrolyte tests\nDefinition\nElectrolytes are positively and negatively charged\nmolecules, called ions, that are found within cells,\nbetween cells, in the bloodstream, and in other fluids\nthroughout the body. Electrolytes with a positive charge\ninclude sodium, potassium, calcium, and magnesium; the\nnegative ions are chloride, bicarbonate, and phosphate.\nThe concentrations of these ions in the bloodstream\nremain fairly constant throughout the day in a healthy', 'sium, phosphate, potassium, and sodium) in the blood.\nDescription\nElectrolytes are ionized molecules found throughout\nthe blood, tissues, and cells of the body. These mole-\ncules, which are either positive (cations) or negative\n(anions), conduct an electric current and help to balance\npH and acid-base levels in the body. Electrolytes also\nfacilitate the passage of fluid between and within cells\nthrough a process known as osmosis and play a part in']","Electrolytes are charged minerals like sodium and potassium that regulate nerve function, muscle contraction, hydration, and acid-base balance in body.",0.053156146179401995,0.7358269691467285
Setup_Medical,What is edema?,"<think>
Okay, let's tackle this question. The user is asking, ""What is edema?"" and they want the answer based solely on the provided context. Let me look through the context again to find relevant information.

First, in the section about edema treatment, there's a line that says, ""Edema is the presence of abnormally large amounts of fluid in the intercellular tissue spaces of the body."" That's a direct definition. Also, under the causes and symptoms part, it mentions that edema can be caused by factors like immobility and high sodium intake. The symptoms listed include swelling in areas like the eyes, arms, hands, and feet. 

I need to make sure I don't include information from other parts of the context that aren't related. For example, there's a lot about Ehlers-Danlos syndrome and other conditions, but those aren't relevant here. The key points are the definition from the treatment section and the causes/symptoms. 

The answer should be concise, 4-5 lines. Start with the definition, then mention some causes and symptoms. Let me check if there's any other part of the context that defines edema. The key terms section under ""Edema"" gives the same definition. So combining that with the causes and symptoms from the ""Causes and symptoms"" section. 

So the answer would be: Edema is the abnormal accumulation of fluid in the intercellular tissue spaces. It can be caused by factors like immobility, high sodium intake, or underlying health conditions. Symptoms include swelling in areas such as the eyes, arms, hands, and feet, along with possible foamy or bloody urine and hypertension. Treatment involves reducing sodium, maintaining weight, exercise, and leg elevation. 

Wait, the user wants the answer in 4-5 lines. Let me condense that. Maybe combine the definition and causes into one line, symptoms into another, and treatment into another. Let me check the exact wording from the context again. The definition is from the key terms section. Causes include immobility, sodium, etc. Symptoms are puffiness, swelling, frequent urination, foamy/bloody urine, headaches, hypertension. 

So the answer should be: Edema is the abnormal accumulation of fluid in the intercellular tissue spaces. It can result from factors like immobility, high sodium intake, or underlying health issues. Symptoms include swelling in the","['to insulin, which is required by the body to convert\nglucose to energy.\nEdema—The presence of abnormally large amounts\nof fluid in the intercellular tissue spaces of the body.\nGlucose—The type of sugar found in the blood.\nHyperglycemia—Condition characterized by exces-\nsively high levels of glucose in the blood, and\noccurs when the body does not have enough\ninsulin or cannot use the insulin it does have to turn\nglucose into energy. Hyperglycemia is often indica-', '• Edema. Puffiness or swelling around the eyes, arms,\nhands, and feet.\n• Frequent urination.\n• Foamy or bloody urine. Protein in the urine may cause\nit to foam significantly. Blood in the urine may indicate\nbleeding from diseased or obstructed kidneys, bladder,\nor ureters.\n• Headaches. High blood pressure may trigger headaches.\n• Hypertension, or high blood pressure. The retention of\nfluids and wastes causes blood volume to increase,\nwhich in turn, causes blood pressure to rise.']","Edema is swelling caused by accumulation of excess fluid in tissues, commonly seen in conditions like heart failure, kidney disease, or inflammation.",0.05626598465473145,0.7052323818206787
Setup_Medical,What is acidosis?,"<think>
Okay, let's tackle this question. The user is asking, ""What is acidosis?"" and wants the answer based only on the provided context. Let me go through the context again to find relevant information.

Looking at the context, there's a section under ""Causes and symptoms"" that mentions ""acid-base disorders (i.e., acidosis, alkalosis)."" So acidosis is one of the acid-base disorders. The context also has a reference to ""acidosis"" in the treatment section for hypernatremia, where it says ""acidosis are usually absent."" But that might not add much. 

Another part under ""Drug-induced cholestasis"" mentions ""metabolic acidosis"" in the differential diagnosis. Wait, there's a reference to ""hyperchloremic metabolic acidosis"" in the context. Also, in the section about cholestasis, there's a mention of ""acidosis"" in the treatment part. 

The key points here are that acidosis is an acid-base disorder where the body's pH becomes too acidic. The context defines acidosis as part of acid-base disorders, which include acidosis and alkalosis. The causes might relate to electrolyte imbalances, medications, or other conditions. However, the exact definition isn't detailed beyond being an acid-base disorder. 

So, putting it together: Acidosis is an acid-base disorder characterized by excessive acidity in the blood, leading to a lower pH. The context doesn't go into specifics beyond that, so the answer should reflect that it's a type of acid-base disorder where the body becomes too acidic. Need to make sure not to include any other information not in the context. The answer should be concise, 4-5 lines, using only the provided info.
</think>

Acidosis is an acid-base disorder characterized by excessive acidity in the body, typically due to an imbalance in hydrogen ion concentration. It is categorized alongside alkalosis as a disruption in normal acid-base homeostasis. Causes may include electrolyte imbalances, metabolic disturbances (e.g., hyperchloremic metabolic acidosis), or conditions affecting bicarbonate levels. Symptoms and treatment depend on the underlying etiology, such as metabolic or respiratory origins. The context notes it may be absent in certain clinical scenarios, emphasizing its association with systemic acid-base dysregulation.","['bonate insufficiencies and elevations cause acid-base\ndisorders (i.e., acidosis, alkalosis).\nMedications, chronic diseases, and trauma (i.e.,\nburns, fractures, etc. ) may cause the concentration of\ncertain electrolytes in the body to become too high\n(hyper-) or too low (hypo-). When this happens, an elec-\ntrolyte imbalance, or disorder, results.\nCauses and symptoms\nSodium\nHYPERNATREMIA. Sodium helps the kidneys to regu-\nlate the amount of water the body retains or excretes.', 'and acidosis are usually absent\n■ Differential Diagnosis\n• Cerebrovascular accident or head trauma\n• Diabetes insipidus\n• Hypoglycemia\n• Hyperglycemia\n■ Treatment\n• Aggressive volume resuscitation with normal saline until patient\nis euvolemic, then with hypotonic saline\n• Initial intravenous regular insulin followed by subcutaneous\ninsulin\n• Careful monitoring of serum sodium, osmolality, and glucose\n• Dextrose-containing ﬂuids when glucose is 250–300 mg/dL']","Acidosis is a condition where blood pH falls below normal due to excess acid or loss of bicarbonate, affecting enzyme activity and organ function.",0.0670391061452514,0.699160099029541
Setup_Medical,What is alkalosis?,"<think>
Okay, let's tackle this question. The user is asking, ""What is alkalosis?"" and I need to answer based on the provided context. Let me go through the context again to find relevant information.

Looking at the key terms and references, there's mention of alkalosis in different sections. The first context under ""Prognosis"" talks about scombroid and then mentions ""alkalosis? Game, set, match for this diagnosis."" But that seems like a heading or a note, not a definition. 

Then there's a section that starts with ""Reference Pearlman BL..."" discussing salicylate intoxication leading to metabolic acidosis or alkalosis. The context here says, ""Alkalosis... results in paralysis (tetany). Hydrochloric acid... can be lost by vomiting. At its most severe, alkalosis results in paralysis (tetany)."" So that's a cause (vomiting leading to loss of acid) and a symptom (tetany).

Another part under ""Chapter 10 Fluid, Acid–Base, and Electrolyte Disorders 323"" has a section on Respiratory Alkalosis. The essentials of diagnosis mention arterial pH >7.45 and PCO2 <30 mmHg. The differential diagnosis includes things like hyperventilation, salicylate toxicity, anxiety, etc. 

So putting this together, alkalosis is a condition where the blood becomes too alkaline (pH >7.45). The main causes mentioned are loss of acid (like from vomiting) or hyperventilation (respiratory alkalosis). Symptoms include lightheadedness, tingling, tetany. The context doesn't mention metabolic vs respiratory, but the chapter title says ""Respiratory Alkalosis,"" so maybe that's a type. Also, salicylate toxicity is listed as a cause in differential diagnosis. 

The answer should define alkalosis as an elevated blood pH (>7.45), mention causes like vomiting or hyperventilation, and note symptoms like tetany. Need to keep it concise, 4-5 lines, using only the provided info. Avoid any external knowledge. Check if there's any other info in the context. The term ""alkalosis"" is also in the context under ""alkalization of the bloodstream, or alkalosis."" So maybe start with that. 

So the answer would be: Alkalosis is a","['ride leads to the opposite situation: a decline in the acid\ncontent of the bloodstream. This is known as alkalization\nof the bloodstream, or alkalosis. Hydrochloric acid, origi-\nnally from extracellular fluids, can be lost by vomiting. At\nits most severe, alkalosis results in paralysis (tetany).\nHyperphosphatemia occurs at serum phosphate levels\nabove 5 mg/dL. It can result from the failure of the kidneys\nto excrete phosphate into the urine, causing phosphate to', 'Adjuvant therapy —Treatment given after surgery\nor radiation therapy to prevent the cancer from\ncoming back.\nAlkaloid—A type of chemical commonly found in\nplants and often having medicinal properties.\nAlykylating drug—A drug that kills cells by direct-\nly damaging DNA.\nAntiemetic —A medicine that helps control nau-\nsea; also called an anti-nausea drug.\nAntimetabolite —A drug that interferes with a\ncell’s growth or ability to multiply.\nPlatelets—Blood cells that function in blood clot-\nting.']","Alkalosis is a condition where blood pH rises above normal due to loss of acid or excess bicarbonate, affecting normal cellular processes.",0.07079646017699116,0.6976352334022522
Setup_Medical,What is diagnosis?,"<think>
Okay, let's tackle this question. The user is asking ""What is diagnosis?"" and wants an answer based solely on the provided context. First, I need to look through the context given.

Looking at each section, the term ""diagnosis"" is mentioned in various contexts. For example, in contact dermatitis, they start with a physical exam and patient history. For heart issues, they mention medical history, symptoms, and tests like blood pressure and ECG. Factitious disorders involve ruling out other conditions. Neuropathy uses symptoms and tests like nerve conduction. Fibromyalgia is diagnosed by ruling out others. There's also a general mention of diagnosis starting with a physical exam and patient history.

So the common elements are: physical examination, patient history (including symptoms and possible causes), and sometimes additional tests. The answer should combine these elements without mentioning specific diseases. Need to keep it concise, 4-5 lines. Make sure not to include any info not in the context. Avoid mentioning specific disorders like fibromyalgia or neuropathy, just the general process. Also, note that sometimes it's about ruling out other conditions. Let me piece that together.
</think>

Diagnosis is the process of identifying a medical condition through a physical examination, patient history, and assessment of symptoms. It often involves gathering information about the patient’s lifestyle, health history, and potential exposures. Additional tests or evaluations may be conducted to confirm or rule out specific conditions. The goal is to determine the underlying cause of symptoms and guide appropriate treatment.","['Diagnosis\nDiagnosis is based on pain upon palpation (gentle\npressing) of the affected joints. Swelling is not associated\nwith costochondritis. Diagnosis is also dependent on the\nexclusion of other causes, including heart attack or bac-\nterial or fungal infections found in IV drug users or post-\noperative thoracic surgery patients.\nTreatment\nThe goals of treatment are to reduce inflammation and\nto control pain. To accomplish these goals, nonsteroidal', 'Diagnosis\nDiagnosis begins with a physical examination and\nasking the patient questions about his or her health and\ndaily activities. When contact dermatitis is suspected, the\ndoctor attempts to learn as much as possible about the\npatient’s hobbies, workplace duties, use of medications\nand cosmetics, etc.—anything that might shed light on\nthe source of the disease. In some cases, an examination\nof the home or workplace is undertaken. If the dermatitis']","Diagnosis is the process of identifying a disease by evaluating symptoms, medical history, physical examination, and laboratory or imaging investigations.",0.11320754716981131,0.7617655992507935
Setup_Medical,What is prognosis?,"<think>
Okay, let's tackle this question. The user is asking, ""What is prognosis?"" and they want the answer based solely on the provided context. First, I need to recall the definition of prognosis. From the context given, there are several sections that mention prognosis in different medical conditions.

Looking at the context, there's a section under ""Prognosis"" that says, ""Prognosis depends on the source of the problem."" Then it talks about pituitary adenomas and Cushing's syndrome. Another part mentions liver fluke infections having a good prognosis, while choriocarcinomas in other sites have a poorer one. There's also information about CAA (cerebral amyloid angiopathy) having a poor prognosis due to vessel degeneration and lack of effective treatment.

So, putting this together, prognosis refers to the likely course and outcome of a disease. The context shows that it varies based on the disease's origin, treatment effectiveness, and other factors. For example, some conditions like choriocarcinomas in the uterus have a good prognosis with chemotherapy, while others like CAA have a poor prognosis. The answer should mention that prognosis depends on factors like the disease's origin, treatment response, and overall health status. I need to make sure the answer is concise, within 4-5 lines, and only uses the provided context without adding external knowledge.
</think>

Prognosis refers to the likely course and outcome of a disease. It depends on factors such as the disease's origin, treatment effectiveness, and overall health status. For example, some conditions like choriocarcinomas in the uterus have a good prognosis with chemotherapy, while others, like cerebral amyloid angiopathy (CAA), have poor outcomes due to progressive vessel degeneration. Early diagnosis and treatment significantly influence prognosis in many cases.","['diarrhea, dizziness, or headache.\nPrognosis\nThe prognosis for recovery from liver fluke infec-\ntions is good, although patients with serious infections\nmay be more vulnerable to other diseases, particularly if\nsignificant liver damage has occurred. Most patients with\nlung fluke infections also recover, however, severe infec-\ntions of the brain can cause death from the destruction of\ncentral nervous system or brain tissue.\nPrevention\nNo vaccines have been developed that are effective', 'Prognosis\nThe prognosis for choriocarcinomas in the uterus is\nvery good. Although these tumors have often spread\nthroughout the body, chemotherapy results in a cure or\nremission in at least 80–90% of cases. Women who have\nhad choriocarcinomas often go on to have normal preg-\nnancies and deliveries.\nChoriocarcinomas in other sites have a poorer prog-\nnosis. These tumors tend to spread quickly and don’t\nalways respond well to chemotherapy. Although treat-']","Prognosis refers to the expected outcome or course of a disease, including chances of recovery, complications, and survival based on clinical evaluation.",0.07333333333333333,0.7326282858848572
Setup_Medical,What is treatment?,"<think>
Okay, let's tackle this question. The user is asking, ""What is treatment?"" and wants an answer based solely on the provided context. First, I need to parse through the context to find relevant information.

Looking at the context, there are several entries from the Gale Encyclopedia of Medicine. The first part mentions therapy, respiratory therapy, medical devices, and surgery as treatments. It also notes counseling as a front-line treatment for psychological disorders, listing various therapy approaches like psychotherapy, cognitive therapy, etc., administered by different professionals.

Another section talks about palliative care focusing on improving quality of life and minimizing suffering. There's mention of treatments like physical therapy, rest, medications, surgery, and chiropractic care. The entry on definitive cancer therapy includes surgery, radiation, and chemical agents aimed at curing cancer. Radiation therapy is described as using ionizing radiation to destroy DNA in cells. 

The cognitive-behavioral therapy section explains it as changing self-talk to alter behavior, used for various mental disorders. There's also a part about treatment options depending on factors like cancer spread, patient's age, etc., with major types being surgery, radiation, chemotherapy, etc.

Putting this together, treatment refers to various interventions aimed at managing or curing a condition. It includes medical procedures (surgery, radiation), therapies (counseling, CBT), medications, devices, and palliative care. The answer should be concise, 4-5 lines, using only the context. Need to avoid any external knowledge and stick strictly to the provided info. Make sure to mention different types like therapy, surgery, medical devices, and note that it can be for curing, managing, or palliative purposes.
</think>

Treatment refers to interventions aimed at managing, curing, or alleviating medical conditions. It includes therapies (e.g., psychotherapy, cognitive-behavioral therapy), medical devices (e.g., braces, hearing aids), surgeries, medications, and procedures like radiation or chemotherapy. Counseling is a front-line approach for psychological disorders. Palliative care focuses on improving quality of life for terminal conditions. Treatments vary based on condition type, severity, and patient factors.","['which it has already spread, the patient’s age, sex, gener-\nal health status and personal treatment preferences. The\nmajor types of treatment are: surgery, radiation, chemo-\ntherapy , immunotherapy, hormone therapy, and bone-\nmarrow transplantation.\nSurgery\nSurgery is the removal of a visible tumor and is the\nmost frequently used cancer treatment. It is most effec-\ntive when a cancer is small and confined to one area of\nthe body.\nSurgery can be used for many purposes.', 'therapy, respiratory therapy, medical devices (e.g., hear-\ning aids, glasses, braces), and in some cases, surgery.\nCounseling is typically a front-line treatment for\npsychological disorders. Therapy approaches include\npsychotherapy, cognitive therapy, behavioral therapy,\nfamily counseling, and group therapy. Therapy or coun-\nseling may be administered by social workers, nurses,\nlicensed counselors and therapists, psychologists, or psy-\nGALE ENCYCLOPEDIA OF MEDICINE 2\n764\nChildren’s health']","Treatment is the management of disease through medications, surgery, lifestyle changes, or therapies aimed at curing, controlling, or relieving symptoms.",0.06997084548104957,0.7400818467140198
Setup_Medical,What is pathology?,"<think>
Okay, let's tackle this question. The user is asking, ""What is pathology?"" and I need to answer based solely on the provided context. First, I should look through the context to see if the term ""pathology"" is defined or explained.

Looking through the context, there are several sections. The first part talks about a disease with bone abnormalities, delayed cranial bone joining, hip dislocation, etc. Then there's a mention of acquired cutis laxa related to severe illness, skin rash, nerve injury, or autoimmune conditions. The sections include diagnosis, differential diagnosis, and treatment for various conditions like Fifth disease, Echinococcosis, Cirrhosis, Cancer, Neurofibromatosis, and others.

The term ""pathology"" isn't explicitly defined here. However, the context includes sections on the pathology of diseases. For example, under Cirrhosis, it describes the disease as a chronic degenerative condition where liver cells are replaced by scar tissue. In Cancer, it's mentioned as a genetic disease involving genes and proteins. Neurofibromatosis has sections on diagnosis and differential diagnosis. 

Since the question is about the definition of pathology, but the context doesn't provide a direct definition, I need to infer based on how the term is used. The sections under each disease discuss their pathology in terms of structural changes (like liver scarring in cirrhosis) or genetic causes (as in cancer). Pathology here refers to the study and understanding of the disease's origin, development, and structural/functional changes.

But wait, the user wants the answer strictly based on the provided context. Since the context doesn't have a direct definition of pathology, I need to check if any part of the text explains it. The first line of the context starts with ""form of the disease is characterized by bone abnormalities..."" which might be part of a pathology description. However, the term ""pathology"" isn't defined here. The sections under each disease discuss their specific pathologies, but there's no general definition provided.

Given that, maybe the answer should be that pathology refers to the study of the causes, development, and structural/functional changes in diseases, as inferred from the context where each disease's pathology is described in terms of its characteristics and underlying mechanisms. However, since the context doesn't explicitly define pathology, the answer must be based on how it's used in the text. The examples given in the context (like","['Cancer, by definition, is a disease of the genes. A\ngene is a small part of DNA, which is the master mole-\ncule of the cell. Genes make “proteins,” which are the\nultimate workhorses of the cells. It is these proteins that\nallow our bodies to carry out all the many processes that\npermit us to breathe, think, move, etc.\nThroughout people’s lives, the cells in their bodies\nare growing, dividing, and replacing themselves. Many\ngenes produce proteins that are involved in controlling', 'ology, pathogenesis, symptomatology, diagnosis, and management. J Am\nAcad Dermatol 2007;57:737. [PMID: 17939933]\n15']","Pathology is the study of diseases, including their causes, development, structural changes, and effects on body tissues and organs.",0.060000000000000005,0.7131006717681885
Setup_Medical,What is inflammation?,"<think>
Okay, let's tackle this question. The user is asking, ""What is inflammation?"" and I need to answer using only the provided context. Let me start by scanning through the context to find relevant information.

Looking at the context, there are a few sections that mention inflammation. The first one says: ""Inflammation — Pain, redness, swelling, and heat that usually develop in response to injury or illness."" Then later, there's another entry: ""Inflammation—A local reaction to tissue injury or damage, usually characterized by pain, swelling, and redness."" 

So, combining these two definitions, inflammation is a response to injury or damage, leading to symptoms like pain, redness, swelling, and heat. The key points here are the cause (injury/illness/tissue damage) and the typical symptoms. The answer should be concise, 4-5 lines, using only the given info. I need to make sure not to add any external knowledge. Let me check if there's any other mention of inflammation in the context. The other parts talk about specific conditions like Crohn's, lupus, etc., but they don't add more to the definition of inflammation itself. 

So the answer should mention it's a local reaction to injury or damage, list the usual symptoms (pain, redness, swelling, heat), and note that it's part of the body's response. Let me structure that clearly within the line limit.
</think>

Inflammation is a local reaction to tissue injury or damage, characterized by pain, redness, swelling, and heat. It typically occurs in response to injury or illness and involves the body’s immune response to remove harmful stimuli and initiate healing.","['Inflammation —Pain, redness, swelling, and heat\nthat usually develop in response to injury or illness.\nLupus erythematosus —A chronic disease that\naffects the skin, joints, and certain internal organs.\nPancreas—A gland located beneath the stomach.\nThe pancreas produces juices that help break\ndown food.\nPotassium —A mineral found in whole grains,\nmeat, legumes, and some fruits and vegetables.\nPotassium is important for many body processes,\nincluding proper functioning of the nerves and\nmuscles.', 'Inflammation—A local reaction to tissue injury or\ndamage, usually characterized by pain, swelling,\nand redness.\nSore—A wound, lesion, or ulcer on the skin.\nUlcer—A site of damage to the skin or mucous\nmembrane that is characterized by the formation\nof pus, death of tissue, and is frequently accompa-\nnied by an inflammatory reaction.\nDiagnosis\nCanker sores are diagnosed by observation of the\nblister. A distinction between canker sores and cold sores']","Inflammation is a protective response of body to injury or infection, characterized by redness, swelling, heat, pain, and loss of function.",0.1,0.7541972994804382
Setup_Medical,What is metabolism?,"<think>
Okay, let's tackle this question. The user is asking, ""What is metabolism?"" and they want the answer based solely on the provided context. Let me start by scanning through the context to find relevant definitions.

Looking at the context, there are several entries under ""Metabolism."" The first one says, ""Metabolism —The sum of all the physical and chemical processes occurring in the body to organize and maintain life."" Another entry repeats that definition. There's also a mention that metabolism involves all physical and chemical changes within an organism. 

Additionally, the context mentions that metabolism includes processes like digestion, enzyme activity, and the conversion of nutrients. The term ""metabolites"" is defined as substances produced by metabolism. The context also talks about bicarbonate metabolism and how carbon dioxide is converted into carbonic acid and bicarbonate, which relates to the chemical processes involved in metabolism.

I need to make sure the answer is concise, within 4-5 lines, and uses only the provided information. The key points are the sum of all physical and chemical processes in the body for maintaining life, involving digestion, enzyme activity, and conversion of nutrients. Also, the example with bicarbonate and carbon dioxide might be a supporting detail but not essential for the basic definition. The answer should focus on the definition given in the context without adding external knowledge. Let me piece this together clearly and concisely.
</think>

Metabolism is the sum of all physical and chemical processes occurring in the body to organize and maintain life. It involves digestion, enzyme activity, and the conversion of nutrients into usable materials. These processes include breaking down substances like carbohydrates, fats, and proteins for energy, as well as eliminating waste. Metabolism also encompasses reactions such as bicarbonate formation from carbon dioxide, supporting acid-base balance.","['substances from the body.\nMetabolism —The sum of all the physical and\nchemical processes occurring in the body to orga-\nnize and maintain life.\nMetabolites—Substances produced by metabolism\nor by a metabolic process.\nMilk-alkali syndrome—Elevated blood calcium lev-\nels and alkalosis caused by excessive intake of milk\nand alkalis. Usually occurs in the treatment of pep-\ntic ulcer.\neffects associated with herbal supplements. Individuals who\nexperience serious side effects from dietary supplements', 'Digestion—The mechanical, chemical, and enzy-\nmatic process in which food is converted into the\nmaterials suitable for use by the body.\nEnzyme—A substance produced by the body to\nassist in a chemical reaction. In carbohydrate\nintolerance, lack of an enzyme makes it impossi-\nble for one type of sugar to be broken down into a\nsimpler form so that it can be absorbed by the\nintestines and used by the body.\nMetabolism —All the physical and chemical\nchanges that take place within an organism.']","Metabolism includes all chemical reactions in body that maintain life, including processes of breaking down nutrients and producing energy for cellular activities.",0.10725552050473186,0.7424604892730713
Setup_Medical,What is homeostasis?,"<think>
Okay, let's tackle this question. The user is asking, ""What is homeostasis?"" and they want the answer based solely on the provided context.

First, I need to look through the context given. The first section under ""Homeostasis (balance)"" says that homeostasis refers to the family system maintaining its customary organization and functioning over time, resisting change. The family therapist uses this concept to explain why certain symptoms appear, who becomes the identified patient (IP), and what happens when the family changes.

Wait, but homeostasis is typically a biological term referring to the body maintaining internal balance. However, in the context provided, it's discussed in the context of family systems, not the physiological sense. The user's question is general, but the answer must strictly use the context given. So I can't bring in my own knowledge about biological homeostasis. I have to stick to the family systems definition here.

The key points from the context are: maintaining customary organization, resisting change, and the therapist's use of the concept to explain symptoms, IP selection, and changes. The answer should be concise, 4-5 lines, using only the provided info. I need to make sure not to mention anything outside the context, like biology. So the answer should focus on the family system's balance and resistance to change as per the text.
</think>

Homeostasis refers to the family system's tendency to maintain its customary organization and functioning over time, resisting change. It explains why specific symptoms or issues arise, such as which family member becomes the identified patient (IP). Therapists use this concept to understand how families respond to internal or external stressors and predict outcomes during therapeutic changes. The system seeks stability, often perpetuating patterns even if they are dysfunctional.","['Homeostasis (balance)\nThe concept of homeostasis means that the family\nsystem seeks to maintain its customary organization and\nfunctioning over time. It tends to resist change. The fami-\nly therapist can use the concept of homeostasis to explain\nwhy a certain family symptom has surfaced at a given\ntime, why a specific member has become the IP, and what\nis likely to happen when the family begins to change.\nThe extended family field\nThe extended family field refers to the nuclear fami-', 'Aneurysm—A sac or bulge that forms because of a\nweak spot in the wall of an artery or heart chamber.\nCardiac shunt —A defect in the wall of the heart\nthat allows blood from different chambers to mix.\nCoronary occlusive artery disease —Blockage of\nthe arteries that supply blood to the heart; fre-\nquently a precursor to a heart attack.\nElectrocardiogram (ECG)—A graph that shows the\nelectrical charges that trigger the heart to contract.\nHeart abnormalities alter the graph, giving clues to']","Homeostasis is the ability of body to maintain stable internal environment despite external changes, regulating temperature, pH, fluids, and other vital parameters.",0.06451612903225808,0.7102170586585999
Setup_Medical,What is oxygen saturation?,"<think>
Okay, let's tackle this question. The user is asking, ""What is oxygen saturation?"" and they want the answer based on the provided context. Let me look through the context again to find relevant information.

First, the context mentions a few different topics. There's a section about methemoglobinemia where it says oxygen saturation is fixed at 85% in vitro. Then there's information about carbon monoxide poisoning affecting oxygen binding to hemoglobin. Also, there's a part about extracorporeal membrane oxygenation (ECMO) and how it adds oxygen and removes CO2. 

Oxygen saturation generally refers to the percentage of hemoglobin binding sites in the blood that are occupied by oxygen. The context mentions that in methemoglobinemia, the saturation is fixed at 85% regardless of actual oxygen levels because methemoglobin can't bind oxygen. This is an in vitro phenomenon, so maybe the standard measurement is affected here. 

Carbon monoxide poisoning is also discussed, where CO binds to hemoglobin more readily than oxygen, forming carboxyhemoglobin, which reduces oxygen delivery. The context says that oxygen saturation might not reflect true oxygen levels in such cases because COHb isn't detected by standard pulse oximeters. 

The ECMO part explains that the machine adds oxygen and removes CO2, implying that normal oxygen saturation is maintained through such interventions. Also, there's a mention of blood gas analysis and co-oximetry for accurate diagnosis, which suggests that standard measurements might be misleading in certain conditions.

Putting this together, oxygen saturation is the measure of how much hemoglobin is saturated with oxygen. The context highlights situations where this measure can be misleading, like in methemoglobinemia (fixed at 85%) or CO poisoning (where CO binds to hemoglobin, making saturation readings inaccurate). The answer should define oxygen saturation and mention these exceptions from the context without going into too much detail beyond what's provided.
</think>

Oxygen saturation is the percentage of hemoglobin binding sites in the blood occupied by oxygen. It reflects oxygen delivery to tissues. In methemoglobinemia, saturation is fixed at 85% due to hemoglobin's inability to bind oxygen. Carbon monoxide poisoning similarly disrupts oxygen binding, reducing available hemoglobin for oxygen transport. Accurate assessment requires co-oximetry, as standard blood gas analysis may be misleading.","['transfusion or hyperbaric oxygen\n■ Pearl\nAn in vitro phenomenon unrelated to cardiopulmonary disease; oxygen\nsaturation is ﬁxed at 85%.\nReference\ndo Nascimento TS, Pereira RO, de Mello HL, Costa J. Methemoglobinemia: from\ndiagnosis to treatment. Rev Bras Anestesiol 2008;58:657. [PMID: 19082413]', 'phenazopyridine\n• Methemoglobin cannot bind oxygen and decreases delivery of\noxygen bound to normal heme (shifting the oxyhemoglobin dis-\nsociation curve to the left)\n• Dizziness, nausea, headache, dyspnea, anxiety, tachycardia, and\nweakness at low levels, to myocardial ischemia, arrhythmias,\ndecreased mentation, seizures, coma\n• Saturation ﬁxed at 85% even in severe hypoxemia\n• Deﬁnitive diagnosis is by co-oximetry (may be from a venous\nsample); routine blood gas analysis may be falsely normal']","Oxygen saturation is the percentage of hemoglobin carrying oxygen in blood, normally between 95% and 100%, indicating adequate oxygenation of tissues.",0.05774278215223097,0.7414401769638062
Setup_Medical,What is pulse?,"<think>
Okay, so the user is asking, ""What is pulse?"" and I need to answer using only the provided context. Let me start by looking through the context to see if there's any mention of pulse.

Looking through the text, I see terms like ECG, electrodes, fibrillation, arrhythmia, and conduction system. There's a lot about electrical impulses in the heart and how they cause contractions. The context explains that the heart's rhythmic pumping is due to electrical impulses from the SA node, leading to coordinated contractions. 

The question is about the pulse. Pulse is typically the rhythmic expansion of an artery caused by the heartbeat. But the context doesn't explicitly mention pulse. However, since the heart's contractions (which are related to the pulse) are discussed, maybe I can infer based on that. The context says that the heart's pumping action is due to electrical impulses leading to contractions. So, the pulse would be the result of these contractions causing blood to move through the arteries, creating a detectable beat.

But wait, the user wants the answer to be based solely on the provided context. The context doesn't directly define pulse. It talks about ECG waves, arrhythmia, and the conduction system. There's a mention of ""normal sinus rhythm"" and ""waves"" in the ECG. However, there's no direct definition of pulse here. 

Hmm, maybe the answer is that the pulse is the result of the heart's contractions, which are triggered by electrical impulses. The context states that the heart's pumping action is due to electrical impulses traveling through the conduction system, leading to coordinated contractions. Since pulse is the physical manifestation of these contractions, I can say that pulse refers to the rhythmic contractions of the heart caused by electrical impulses, which can be observed as waves on an ECG. 

But I need to make sure I don't add external knowledge. The context doesn't mention arteries or the physical pulse felt at the wrist. So perhaps the answer should be that pulse refers to the heart's rhythmic contractions as recorded by the ECG waves, indicating normal or abnormal electrical activity. Since the ECG shows the electrical impulses leading to contractions, the pulse in this context might be equated to the heart's rhythmic contractions as depicted by the ECG's PQRST waves. 

Therefore, the answer should be concise, stating that pulse is","['hearts that contract in an irregular way.\nECG or EKG—A record of the waves that relate to\nthe electrical impulses produced at each beat of\nthe heart.\nElectrodes —Tiny wires in adhesive pads that are\napplied to the body for ECG measurement.\nFibrillation —Rapid, uncoordinated contractions\nof the upper or the lower chambers of the heart.\nLead—Name given the electrode when it is\nattached to the skin.', 'triggered by an electrical impulse. These electrical\nimpulses travel through specialized cells that form a con-\nduction system. Following this pathway ensures that con-\ntractions will occur in a coordinated manner.\nWhen the presence of all waves is observed in the\nelectrocardiogram and these waves follow the order\ndefined alphabetically, the heart is said to show a normal\nsinus rhythm, and impulses may be assumed to be fol-\nlowing the regular conduction pathway.']","Pulse is rhythmic expansion of arteries due to heartbeats, used clinically to assess heart rate, rhythm, and strength of blood circulation.",0.05378973105134474,0.723748505115509
Setup_Medical,What is organ failure?,"<think>
Okay, let's tackle this question. The user is asking, ""What is organ failure?"" and wants the answer based on the provided context. First, I need to go through the context thoroughly to extract relevant information about organ failure.

Looking at the context, there are several mentions of different types of organ failure. For example, there's a section about chronic kidney failure leading to end-stage renal disease (ESRD), which is fatal without treatment. It mentions that the kidneys can't filter fluids and wastes, leading to issues like anemia and bad breath. Then there's a part about liver failure from poisoning, causing jaundice and encephalopathy. Also, right and left ventricular failure are discussed in the context of heart failure, with symptoms like edema and dyspnea. Additionally, there's a mention of metabolic encephalopathy due to organ failure, like liver or kidney failure.

The question is about organ failure in general. The answer needs to be concise, 4-5 lines, using only the context. So I should define organ failure as the failure of an organ to perform its necessary functions, leading to systemic issues. The context provides examples like kidney failure causing waste buildup, liver failure leading to jaundice, and heart failure causing fluid retention. Also, it mentions that organ failure can be chronic or acute, and it can lead to other complications or death if untreated. The answer should tie these examples together into a general definition without going into too much detail on specific organs unless necessary. Need to make sure not to include information outside the context. Avoid mentioning treatments unless specified. Focus on the consequences and causes as per the given text.
</think>

Organ failure occurs when an organ can no longer perform its essential functions, leading to systemic complications. For example, kidney failure prevents waste and fluid removal, causing anemia and urea buildup, while liver failure results in jaundice and encephalopathy. Heart failure, such as left or right ventricular failure, disrupts blood flow, causing symptoms like edema and dyspnea. Organ failure may progress to multi-organ dysfunction, often becoming fatal without intervention.","['becomes numb. An individual may go into shock and\ndevelop dangerously low blood pressure. Multiple organ\nfailure may occur, quickly followed by death.\nDiagnosis\nThe appearance of the skin, paired with pain and\nfever raises the possibility of flesh-eating disease. An x\nray, magnetic resonance imaging (MRI), or computed\ntomography scans (CT scans) of the area reveals a\nfeathery pattern in the tissue, caused by accumulating\ngas in the dying tissue. Necrosis is evident during', 'cause, accounting for 20–40% of all cases. This type of\ndelirium, termed “metabolic encephalopathy,” may result\nfrom organ failure, including liver or kidney failure.\nOther metabolic causes include diabetes mellitus ,\nhyperthyroidism and hypothyroidism , vitamin defi-\nGALE ENCYCLOPEDIA OF MEDICINE 21020\nDelirium']","Organ failure occurs when an organ loses its ability to function properly, often due to disease, injury, or insufficient blood supply.",0.06043956043956045,0.7062873244285583
Setup_Medical,What is infection control?,"<think>
Okay, let's tackle this question: ""What is infection control?"" The user wants a concise answer, 4-5 lines, using only the provided context.

First, I need to recall the context. The context includes various medical terms and some prevention strategies. Looking through the sections, under ""Prevention"" there's mention of precautions to prevent recurrent infections, like good hygiene and avoiding crowds. Also, in the section about transmission, it says that good hand-washing and precautions like gowns and gloves are used to decrease infection transmission. There's also something about isolating waste material (enteric precautions) to prevent spreading illness.

So infection control would involve these measures. The key terms here are hygiene, hand-washing, using protective gear (gowns, gloves), and isolating waste. The context doesn't mention other methods like sterilization or vaccines, so I shouldn't include those. The answer should focus on the specific methods listed in the context. Also, the context mentions that these are for preventing transmission, so the answer should tie those practices to preventing the spread of infection. Let me make sure I don't add any external knowledge. The answer should be brief, so I'll list the main points: hygiene, hand-washing, protective gear, and isolation of waste. That's four points, which can be condensed into 4-5 lines.
</think>

Infection control refers to practices aimed at preventing the spread of infections. It includes measures like good hygiene, hand-washing, using protective gear (gowns, gloves), and isolating waste materials (enteric precautions). These steps reduce transmission risks, especially in healthcare settings. The context emphasizes their role in managing diseases like hepatitis and preventing recurrent infections in immunocompromised individuals.","['disease that attacks the immune system.\nAntibiotics —A category of manufactured sub-\nstances used to combat infection.\nAntibodies —Special substances created by the\nbody to combat infection.\nBacterium—A tiny organism. Some bacteria cause\ndisease.\nHepatitis—A disease that inflames the liver.\nImmune system—A body system that combats dis-\nease.\nImmunocompromised—Having a damaged immune\nsystem.\nLymph nodes—Small, kidney-shaped organs that\nfilter a fluid called lymph.', 'transmission of infection is the use of good hand-wash-\ning practices and other appropriate precautions (gowns\nand gloves for hospital staff). The virus is found in feces\nfor up to one week after infection; therefore precautions\nthat isolate waste material (enteric precautions) will help\ndecrease the chance of spreading the illness.\nResources\nBOOKS\nCohen, Jeffrey I. “Enteroviruses and Reoviruses.” In Harri-\nson’s Principles of Internal Medicine, ed. Anthony S.']","Infection control involves measures like hygiene, sterilization, and isolation to prevent spread of infections in healthcare and community settings.",0.10600706713780919,0.7564349174499512
Setup_Medical,What is public health?,"<think>
Okay, let's tackle this question. The user is asking, ""What is public health?"" and they want the answer based solely on the provided context. Let me go through the context again to see if there's any mention of public health.

Looking at the context, there are several sections. The first part talks about holistic and alternative medicine, colonic irrigation, chest physical therapy, detoxification, and some pearls about post-polio syndrome and leptospirosis. There's a reference to the Gale Encyclopedia of Medicine and some research citations. 

Wait, there's a mention of ""environmental medicine"" and how it's gaining respect in conventional medicine. The context says environmental medicine studies how environmental factors influence disease, and that conditions like asthma, cancer, chronic fatigue, etc., are influenced by environmental and lifestyle factors. The CDC is cited as estimating over 80% of illnesses have environmental and lifestyle causes.

But the question is about public health. The term ""public health"" isn't explicitly mentioned in the provided context. However, there's a reference to ""global public health problem"" in the leptospirosis section. The context also discusses how environmental factors contribute to diseases, which is a part of public health. But since the user wants the answer based only on the context, and ""public health"" isn't directly defined here, maybe there's a trick. Wait, the user might be expecting an answer that connects the given context to public health concepts even if the term isn't used. Let me check again.

The context mentions environmental medicine and its role in studying environmental factors influencing disease, which is part of public health. Also, the CDC's role in estimating disease causes is part of public health efforts. However, the exact term ""public health"" isn't defined. The user might be testing if I can infer from the context. But the instructions say to use only the information provided. Since ""public health"" isn't directly addressed, maybe the answer is that the context doesn't provide information on public health. But that seems unlikely. Wait, maybe the answer is implied through environmental medicine's role in preventing illness and managing environmental factors, which is part of public health. However, without explicit mention, I can't be sure. The user might expect a general definition based on the context's themes. Alternatively, perhaps the answer is that public health isn't discussed in the provided context. But the user is asking for an answer, so maybe I need to","['in primary care. Am J Med 2009;122(suppl):S13. [PMID: 19801048] \n12', 'in many illnesses. Environmental medicine is a field that\nstudies exactly how those environmental factors influence\ndisease. Conditions such as asthma, cancer, chronic\nfatigue syndrome, multiple chemical sensitivity , and\nmany others are strongly influenced by exposure to toxic\nor allergenic substances in the environment. The United\nStates Centers for Disease Control estimate that over 80%\nof all illnesses have environmental and lifestyle causes.']","Public health focuses on prevention of disease, promotion of health, and prolonging life through organized community efforts, policies, education, and healthcare services.",0.03341288782816229,0.6844010353088379
Setup_Medical,What is Cardiac Tamponade?,"<think>
Okay, I need to answer the question ""What is Cardiac Tamponade?"" using only the provided context. Let me look through the context again to find the relevant information.

First, under the ""Definition"" section, it says: ""Cardiac tamponade occurs when the heart is squeezed by fluid that collects inside the sac that surrounds it."" The sac is called the pericardium, mentioned in the next line. 

Then in the ""Description"" part, it explains that the heart is surrounded by a sac called the pericardium. The causes mentioned include cancer damaging the pericardium, trauma from chest injuries, or during heart surgery. The three conditions that occur when the heart is compressed are: reduced blood pumped to the body, less filling of the ventricles, and higher than normal blood pressures. 

I should make sure to mention the fluid in the pericardial sac, the squeezing effect on the heart, and the consequences. Also, the causes like cancer, trauma, or surgery. The answer needs to be concise, 4-5 lines. Let me structure that.

Avoid using any other information from the context that's not related, like defibrillation or arrhythmias. Focus solely on the parts about cardiac tamponade. Check if there are any key terms defined. The key term section mentions ""cardiac tamponade"" but the definition is already in the main text. 

So the answer should start with the definition, mention the pericardial fluid, causes, and the three resulting conditions. Keep it within 4-5 lines. Let me put it all together now.
</think>

Cardiac tamponade occurs when fluid accumulates in the pericardial sac surrounding the heart, compressing it. This compression reduces blood pumped to the body, limits ventricular filling, and elevates blood pressure. Causes include pericardial damage from cancer, chest trauma, or heart surgery. The condition requires immediate treatment to prevent fatality.","['PERIODICALS\nHarvard Medical School. “Cardiac Rehabilitation.”Harvard\nHealth Letter, 7 no. 5 (Jan. 1997): 3-7.\nORGANIZATIONS\nAmerican Heart Association. 7320 Greenville Ave. Dallas, TX\n75231. (214) 373-6300. <http://www.americanheart.org>.\nPaula Anne Ford-Martin\nCardiac tamponade\nDefinition\nCardiac tamponade occurs when the heart is\nsqueezed by fluid that collects inside the sac that sur-\nrounds it.\nDescription\nThe heart is surrounded by a sac called the pericardi-', 'is damaged by cancer. Blunt or penetrating injury from\ntrauma to the chest or heart can also result in cardiac tam-\nponade when large amounts of blood fill the pericardium.\nTamponade can also occur during heart surgery.\nWhen the heart is compressed by the surrounding\nfluid, three conditions occur: a reduced amount of blood\nis pumped to the body by the heart, the lower chambers\nof the ventricles are filled with a less than normal amount\nof blood, and higher than normal blood pressures occur']",Life-threatening disorder occurring when pericardial fluid accumulates under pressure; effusions rapidly increasing in size may cause an elevated intrapericardial pressure.,0.04444444444444444,0.7057764530181885
Setup_Medical,What defines Cor Pulmonale?,"<think>
Okay, let's tackle this question. The user is asking what defines Cor Pulmonale. I need to use only the provided context.

First, looking at the context from the Gale Encyclopedia of Medicine, the entry starts by stating that Cor Pulmonale is an increase in the bulk of the right ventricle, usually caused by chronic lung diseases. It mentions that this can lead to heart failure. The description also notes that it's also called pulmonary heart disease and occurs in 25% of COPD patients, with 85% of those having COPD. The main cause is pulmonary hypertension due to lung diseases like COPD, chronic bronchitis, emphysema, cystic fibrosis, pulmonary embolism, etc. The right ventricle enlarges because of increased pressure in the pulmonary arteries, leading to failure.

I need to condense this into 4-5 lines. Start with the definition: right ventricle enlargement caused by chronic lung diseases leading to pulmonary hypertension. Mention the result, which is heart failure. Also note the common association with COPD. Avoid including treatment or diagnosis details since the question is about the definition. Make sure to use the key terms from the context without adding extra information.
</think>

Cor pulmonale is defined as the enlargement and failure of the right ventricle of the heart, primarily caused by chronic lung diseases or pulmonary hypertension. It results from increased pressure in the pulmonary arteries, forcing the right ventricle to work harder, leading to its dilation and eventual failure. The condition is most commonly associated with chronic obstructive pulmonary disease (COPD), affecting about 85% of patients with this lung disorder.","['Cor pulmonale is an increase in bulk of the right\nventricle of the heart, generally caused by chronic dis-\neases or malfunction of the lungs. This condition can\nlead to heart failure.\nDescription\nCor pulmonale, or pulmonary heart disease, occurs in\n25% of patients with chronic obstructive pulmonary dis-\nGALE ENCYCLOPEDIA OF MEDICINE 2916\nCor pulmonale', 'monale, as can neuromuscular diseases, such as muscu-\nlar dystrophy . A large pulmonary thromboembolism\n(blood clot) may lead to acute cor pulmonale.\nCauses and symptoms\nAny respiratory disease or malfunction that affects\nthe circulatory system of the lungs may lead to cor pul-\nmonale. These circulatory changes cause the right ventri-\ncle to compensate for the extra work required to pump\nblood through the lungs. The right ventricle has thin\nwalls and is crescent-shaped. The resulting pressure']","Heart failure resulting from pulmonary disease. Most commonly due to COPD; other causes include pulmonary fibrosis, pneumoconioses, recurrent pulmonary emboli...",0.0642857142857143,0.7349802851676941
Setup_Medical,What is Celiac Disease?,"<think>
Okay, let's tackle this question. The user is asking, ""What is Celiac Disease?"" and wants an answer based solely on the provided context. First, I need to extract the key points from the context.

The context starts by explaining that celiac disease is an abnormal reaction to gluten, which is found in wheat, rye, barley, and maybe oats. It mentions that the immune system's response causes inflammation in the small intestine, leading to tissue damage and malabsorption. This results in various systemic issues. It's classified as an autoimmune disorder because the immune system attacks the body's own tissues.

The context also notes that it can run in families, has a genetic basis, and is more common in people of European descent. There's an increased risk of intestinal lymphoma, but treating celiac reduces that risk. Diagnosis involves checking for characteristic tissue damage. The answer should be concise, 4-5 lines, using only the given info.

I need to avoid any external knowledge. Let me structure the answer: start with the definition, mention the immune response, the damage to the small intestine, the result in nutrient absorption, and maybe the autoimmune classification. Also, mention the genetic aspect and the connection to other conditions like lymphoma. Wait, the question is just asking what it is, so maybe the lymphoma part is extra. Let me focus on the main points first.

So, the answer should be something like: Celiac disease is an autoimmune disorder triggered by gluten consumption, causing the immune system to damage the small intestine's villi, leading to malabsorption and various symptoms. It has a genetic basis, is more common in people of European descent, and can lead to complications like intestinal lymphoma if untreated. Diagnosis involves identifying characteristic intestinal damage. 

Wait, the context says ""classified as an autoimmune disorder"" because the immune system causes the damage. Also, the exact incidence is uncertain but underdiagnosed. However, the question is just asking for the definition. Let me make sure to include the key elements: gluten reaction, immune response, intestinal damage, malabsorption, autoimmune classification, and maybe the genetic component. Let me check the word count to keep it within 4-5 lines.
</think>

Celiac disease is an autoimmune disorder triggered by gluten consumption, causing the immune system to damage the small intestine's villi, impairing nutrient absorption. It leads to systemic issues due to inflammation and malabsorption. Genetic","['tem causes the damage, celiac disease is classified as an\n“autoimmune” disorder. Celiac disease may also be called\nsprue, nontropical sprue, gluten sensitive enteropathy,\nceliac sprue, and adult celiac disease.\nCeliac disease may be discovered at any age, from\ninfancy through adulthood. The disorder is more com-\nmonly found among white Europeans or in people of\nEuropean descent. It is very unusual to find celiac dis-\nease in African or Asian people. The exact incidence of', 'Celiac disease occurs when the body reacts abnor-\nmally to gluten, a protein found in wheat, rye, barley, and\npossibly oats. When someone with celiac disease eats\nfoods containing gluten, that person’s immune system\ncauses an inflammatory response in the small intestine,\nwhich damages the tissues and results in impaired ability\nto absorb nutrients from foods. The inflammation and\nmalabsorption create wide-ranging problems in many\nsystems of the body. Since the body’s own immune sys-']",Celiac disease is a disease of the digestive system that damages the small intestine and interferes with the absorption of nutrients from food. It occurs when the body reacts abnormally to gluten.,0.0660377358490566,0.7217522263526917
Setup_Medical,What are the symptoms of Tetanus?,"<think>
Okay, let's tackle this question. The user is asking for the symptoms of Tetanus. I need to use only the information provided in the context given. Let me look through the context again.

The context starts with Chapter 8 about Infectious Diseases, specifically Tetanus (Clostridium tetani). Under the ""Essentials of Diagnosis"" section, it lists some key points. The first bullet mentions a history of nondebrided wound or contamination, which might not always be present. Then the main symptoms are jaw stiffness followed by spasms (trismus). Other symptoms include stiffness in the neck or other muscles, difficulty swallowing (dysphagia), irritability, hyperreflexia. Later, there are painful convulsions triggered by minimal stimuli, and low-grade fever.

The Differential Diagnosis section lists other conditions like meningitis, rabies, etc., but that's not needed here. The rest of the context talks about other diseases and treatments, which aren't relevant for Tetanus symptoms. So I should focus only on the ""Essentials of Diagnosis"" part. 

The answer needs to be concise, 4-5 lines, using only the provided info. Let me structure the answer: start with the initial symptoms (jaw stiffness, trismus), then other muscle stiffness, dysphagia, irritability, hyperreflexia, then mention the late symptoms (painful convulsions with minimal stimuli) and low-grade fever. Make sure not to include any other information from the context that's not related to Tetanus symptoms. Check if there's any other relevant info. No, the rest is about other conditions or treatments. So the answer should be based solely on the ""Essentials of Diagnosis"" section under Tetanus.
</think>

The symptoms of tetanus include jaw stiffness followed by spasms (trismus), stiffness of the neck or other muscles, dysphagia, irritability, hyperreflexia, and late-onset painful convulsions triggered by minimal stimuli. Low-grade fever may also be present.","['enlarges; other symptoms include regurgitation of undigested food,\nhalitosis, hoarseness, chronic cough, malnutrition, and weight loss\n• Gurgling sounds in the neck on auscultation are pathognomonic;\ncervical crepitus occasionally present\n• Barium swallow conﬁrms diagnosis by demonstrating the sac\n■ Differential Diagnosis\n• Esophageal, mediastinal, or neck tumor\n• Esophageal duplication cyst\n• Cricopharyngeal achalasia (occasionally associated)\n• Esophageal web', 'symptoms include yarrow ( Achillea millefolium ), eye-\nbright (Euphrasia officinalis ), garlic (Allium sativum ),\nand onions (Allium cepa). (Herbal)\n• Microdoses of Viscue album, Natrum muriaticum, Alli-\num cepa, or Nux vomica. (Homeopathy)\n• Taking yin chiao (sometimes transliterated as yinquiao)\ntablets that contain honeysuckle and forsythia when\nsymptoms appear. Natural herb loquat syrup for cough\nand sinus congestion and Chinese ephedra ( ma-huang)']","Jaw stiffness followed by spasms (trismus). Stiffness of neck or other muscles, dysphagia, irritability, hyperreflexia; late, painful convulsions precipitated by minimal stimuli.",0.11003236245954694,0.7798160910606384
Setup_Medical,What is Dilated Cardiomyopathy?,"<think>
Okay, let's tackle this question. The user is asking, ""What is Dilated Cardiomyopathy?"" and wants the answer based solely on the provided context.

First, I need to recall the information from the context. The context mentions that congestive cardiomyopathy is the same as dilated cardiomyopathy. The definition says it's a disease that damages the heart muscle, causing the chambers to stretch and hold more blood than normal. It's the final stage of many heart diseases and the most common form.

Looking at the reference from Luk et al., they note it's a cause of systolic dysfunction leading to heart failure. Symptoms include things like dyspnea, fatigue, and edema. Diagnosis involves tests like ECG and echocardiogram. Also, the context differentiates primary (idiopathic) and secondary causes, with 80% being idiopathic, possibly due to viral infections.

I need to make sure the answer is concise, 4-5 lines, and only uses the given context. So, start by stating it's a type of cardiomyopathy where heart chambers dilate. Mention it's the most common form and the final stage of heart diseases. Include that it leads to heart failure symptoms. Maybe note the primary vs. secondary causes if relevant. Avoid adding extra info not in the context. Check for key terms like systolic dysfunction, symptoms like dyspnea, and diagnostic methods if necessary. But since the question is about what it is, focus on definition, cause, and effects.
</think>

Dilated Cardiomyopathy (DCM), also called congestive cardiomyopathy, is a progressive heart disease where the heart chambers dilate and weaken, reducing their ability to pump blood effectively. It is the most common form of cardiomyopathy and often leads to systolic dysfunction and congestive heart failure. Symptoms include dyspnea, fatigue, edema, and fluid retention. Causes may be idiopathic (80% of cases) or secondary to factors like viral infections, though many idiopathic cases are suspected to stem from undetected viral triggers. Diagnosis relies on imaging (e.g., echocardiogram) and clinical evaluation.","['Congestive cardiomyopathy\nDefinition\nCardiomyopathy is an ongoing disease process that\ndamages the muscle wall of the lower chambers of the\nheart. Congestive cardiomyopathy is the most common\nform of cardiomyopathy. In congestive cardiomyopathy,\nalso called dilated cardiomyopathy, the walls of the heart\nchambers stretch (dilate) to hold a greater volume of\nblood than normal. Congestive cardiomyopathy is the\nfinal stage of many heart diseases and the most common', 'Chapter 1 Cardiovascular Diseases 19\n1Dilated Cardiomyopathy\n■ Essentials of Diagnosis\n• A cause of systolic dysfunction, this represents a group of disor-\nders that lead to congestive heart failure\n• Symptoms and signs of congestive heart failure: Exertional dys-\npnea, cough, fatigue, paroxysmal nocturnal dyspnea, cardiac\nenlargement, rales, gallop rhythm, elevated venous pressure,\nhepatomegaly, and dependent edema\n• Electrocardiography may show nonspeciﬁc repolarization abnor-']","A cause of systolic dysfunction, this represents a group of disorders that lead to congestive heart failure. Symptoms and signs of congestive heart failure: Exertional dyspnea, cough, fatigue, paroxysmal nocturnal dyspnea...",0.08547008547008547,0.7568648457527161
Setup_Medical,What defines Atrial Septal Defect?,"<think>
Okay, let's tackle this question. The user is asking what defines an Atrial Septal Defect (ASD). I need to use the provided context to answer this.

First, I'll look through the context for mentions of ASD. The context starts by talking about septal defects, which are holes in the septum. It specifically mentions atrial septal defect as an opening between the two upper heart chambers. That's a key point.

The ""Essentials of Diagnosis"" section under Atrial Septal Defect lists that patients with small defects are usually asymptomatic, while large ones can cause symptoms by age 40. Also, there's mention of a right ventricular lift and fixed splitting of S2. But the question is about the definition, so the main part is the structural aspect.

The context also states that septal defects allow blood to leak from left to right, which is a higher pressure area to lower. In ASD, this would be between the atria. The most common types are ASD and VSD, with ASD being the upper chambers.

I need to make sure not to include treatment or other conditions. The answer should be concise, 4-5 lines. So, putting it all together: ASD is a hole in the atrial septum, causing left-to-right shunt, leading to possible symptoms with larger defects. Mention the structural location and the effect on blood flow.
</think>

Atrial Septal Defect (ASD) is defined as an opening between the two upper heart chambers (atria) due to a hole in the septum. It allows blood to leak from the left atrium to the right atrium (left-to-right shunt) or reverse in cases of reversed pressure. Small defects are often asymptomatic, while larger ones may cause symptoms like dyspnea, fatigue, and palpitations by age 40. Key signs include right ventricular lift and fixed splitting of the second heart sound (S2). It is the most common type of septal defect.","['wall separating the right and left sides of the heart),\nblood leaks from the left side of the heart to the right,\nor from a higher pressure zone to a lower pressure\nzone. A major leakage can lead to enlargement of the\nheart and failing circulation. The most common types\nof septal defects are atrial septal defect , an opening\nbetween the two upper heart chambers, and ventricu-\nlar septal defect , an opening between the two lower\nheart chambers. Ventricular septal defect accounts for', 'Athetosis —A condition marked by slow, writhing,\ninvoluntary muscle movements.\nCerebral palsy—Movement disability resulting from\nnonprogressive brain damage.\nCoagulopathy—A disorder in which blood is either\ntoo slow or too quick to coagulate (clot).\nContracture—A tightening of muscles that prevents\nnormal movement of the associated limb or other\nbody part.\nCytokine—A protein associated with inflammation\nthat, at high levels, may be toxic to nerve cells in\nthe developing brain.']","Patients with small defects are usually asymptomatic and have a normal life span. Large shunts symptomatic by age 40, including exertional dyspnea, fatigue, and palpitations.",0.07738095238095238,0.7436895370483398
Setup_Medical,What is Candidiasis?,"<think>
Okay, let's tackle this question. The user wants a concise answer to ""What is Candidiasis?"" using only the provided context. First, I need to extract the key points from the context.

Looking at the context, there are several sections. The first mentions cutaneous Candidiasis with symptoms like intertrigo and oral candidiasis with grayish plaques. Then there's deep organ candidiasis, which is systemic and affects various organs. The causes include immune suppression, antibiotics, AIDS, etc. The definition part says it's caused by Candida species, usually C. albicans, and is a common vaginal infection. Also, it's an opportunistic infection.

I need to combine these elements. Start with the definition: infection caused by Candida, usually C. albicans. Mention it's opportunistic, affecting immunocompromised. Include common types like vaginal, oral (thrush), and deep organ. Note that it's a superficial or systemic infection. Also, causes like antibiotics, immune issues. Avoid going into treatment or prevention unless necessary. The answer should be 4-5 lines. Let me check the example answer structure. They mention the definition, types, and causes. So I'll structure similarly, keeping it brief and using the context only.
</think>

Candidiasis is an infection caused by Candida species, typically *Candida albicans*, affecting various body sites. It includes superficial forms like vaginal yeast infections (with itching and cottage cheese-like discharge) and oral thrush (white patches in the mouth), as well as systemic deep organ infections impacting the blood, heart, or organs. It is opportunistic, occurring in immunocompromised individuals, those on antibiotics, or with underlying conditions like AIDS. Diagnosis involves identifying Candida in clinical specimens, and treatment varies by infection type.","['therapy or cause harmful effects.\nResources\nPERIODICALS\n“Marijuana as Medicine: How Strong is the Science?”Con-\nsumer Reports 62 (May 1997): 62.\nMorris, Kelly. “The Cannabis Remedy—Wonder Worker or\nEvil Weed?”The Lancet 350 (20 Dec.1997): 1828.\nNancy Ross-Flanigan\nCandida albicans infection see Candidiasis\nCandidiasis\nDefinition\nCandidiasis is an infection caused by a species of the\nyeast Candida, usually Candida albicans. This is a com-\nmon cause of vaginal infections in women. Also,Candida', 'Deep organ candidiasis\nAlso known as invasive candidiasis, deep organ candidi-\nasis is a serious systemic infection that can affect the esopha-\ngus, heart, blood, liver, spleen, kidneys, eyes, and skin. Like\nvaginal and oral candidiasis, it is an opportunistic disease\nthat strikes when a person’s resistance is lowered, often due\nto another illness. There are many diagnostic categories of\ndeep organ candidiasis, depending on the tissues involved.\nCauses and symptoms\nV aginal candidiasis']","Candidiasis is an infection caused by a species of the yeast Candida, usually Candida albicans. This is a common cause of vaginal infections in women.",0.12456747404844291,0.7410795092582703
Setup_Medical,What are the symptoms of Tuberculosis?,"<think>
Okay, let's tackle this question. The user is asking about the symptoms of tuberculosis. I need to use only the information provided in the context given.

First, I'll look through the context for mentions of symptoms. In the ""Essentials of Diagnosis"" sections for Pulmonary Tuberculosis and Tuberculous Meningitis, there are several points listed. 

For Pulmonary TB, the symptoms mentioned include lassitude (which is like fatigue), weight loss, fever, cough, night sweats, and hemoptysis (coughing up blood). Also, cachexia (severe weight loss) is noted in many cases. There's mention of posttussive apical rales, which are lung sounds heard after coughing, but that's more of a physical finding than a symptom.

Looking at the general Tuberculosis section, they list progressive symptoms like cough, dyspnea (shortness of breath), fever, night sweats, weight loss, and hemoptysis. Primary infection has mid-lung field infiltrates and regional lymphadenopathy, but those are radiological findings. Reactivated disease shows apical fibronodular infiltrates, possibly with cavitation. 

Tuberculous Meningitis has insidious onset with listlessness, irritability, headaches, meningeal signs, and cranial nerve palsies. But the question is about general TB symptoms, not specifically meningitis.

The intestinal TB section mentions fever, malaise, night sweats, weight loss, and symptoms of urinary tract infection. But since the question is about TB in general, I should focus on the most common symptoms across different forms. 

The key symptoms that come up repeatedly are fever, weight loss, night sweats, cough, and hemoptysis. Also, malaise and fatigue (lassitude) are mentioned. The differential diagnosis includes other conditions, but the symptoms themselves are the focus here.

I need to make sure not to include treatment or diagnostic methods unless they're part of the symptoms. The answer should be concise, 4-5 lines. Let me compile the symptoms from the context without adding extra info. So, the main symptoms are: progressive symptoms like cough, dyspnea, fever, night sweats, weight loss, hemoptysis. Also, lassitude and cachexia in many. Maybe mention the typical chest findings like apical infiltrates but those are more diagnostic than symptoms. Wait, the question","['Tuberculosis (TB), 238\ngenitourinary tract, 329\nintestinal, 85\npulmonary, 61\nTuberculous meningitis, 239\nTubo-ovarian abscess, 461\nTubulointerstitial nephritis, 331\nTularemia, 240\n“Tumor plop” murmur, 11\nTyphoid fever, 213\nTyphus\nepidemic louse-borne, 265\nscrub, 268\nU\nUlcer\nanal, 69\ncorneal, 515\ndecubitus (pressure), 379\nduodenal, 78\ngastric, 82\nleg, from venous\ninsufﬁciency, 424\nUlcerative colitis, 89\narthritis with, 150\nwith biliary tract malignant\ntumors, 286\nUnstable angina, 1, 4, 34', '238 Current Essentials of Medicine\n8\nTuberculosis (Mycobacterium tuberculosis)\n■ Essentials of Diagnosis\n• Most infections subclinical, with positive skin test only\n• Symptoms progressive and include cough, dyspnea, fever, night\nsweats, weight loss, and hemoptysis\n• In primary infection, mid-lung ﬁeld inﬁltrates with regional lym-\nphadenopathy; pleural effusion common\n• Apical ﬁbronodular pulmonary inﬁltrate on chest ﬁlm, with or\nwithout cavitation, is most typical in reactivated disease']","Symptoms progressive and include cough, dyspnea, fever, night sweats, weight loss, and hemoptysis. In primary infection, mid-lung field infiltrates with regional lymphadenopathy; pleural effusion common.",0.10584958217270195,0.780016303062439
Setup_Medical,What are Calcium Channel Blockers?,"<think>
Okay, I need to answer the question ""What are Calcium Channel Blockers?"" using the provided context. Let me start by reading through the context carefully to extract the relevant information.

First, the context defines calcium channel blockers as medicines that slow the movement of calcium into the cells of the heart and blood vessels. This action relaxes blood vessels, increases oxygen-rich blood supply to the heart, and reduces the heart's workload. The purpose section mentions they're used for high blood pressure, abnormal heart rhythms, angina, panic attacks, bipolar disorder, and migraine prevention. They are available by prescription in tablet, capsule, and injectable forms. Common examples include amlodipine, diltiazem, nifedipine, etc. Also, they interact with other drugs like beta-blockers, so medical advice is needed when combining medications.

I need to condense this into 4-5 lines. Start with the definition, mention their uses, forms, examples, and note about drug interactions. Avoid any extra details not in the context. Make sure it's concise and answers the question directly.
</think>

Calcium channel blockers are medications that reduce calcium entry into heart and blood vessel cells, relaxing vessels, improving blood flow to the heart, and lowering its workload. They treat high blood pressure, angina, abnormal heart rhythms, panic attacks, bipolar disorder, and migraines. Available by prescription in tablet, capsule, or injectable forms, common examples include amlodipine and diltiazem. They may interact with drugs like beta-blockers, requiring medical guidance for safe use.","['CAH see Congenital adrenal hyperplasia\nCaisson disease see Decompression\nsickness\nCalcaneal spurs see Heel spurs\nCalcitonin see Bone disorder drugs\nCalcium carbonate see Antacids\nCalcium channel blockers\nDefinition\nCalcium channel blockers are medicines that slow\nthe movement of calcium into the cells of the heart and\nblood vessels. This, in turn, relaxes blood vessels,\nincreases the supply of oxygen-rich blood to the heart,\nand reduces the heart’s workload.\nPurpose', 'Calcium-channel blocker—A drug that blocks the\nentry of calcium into the muscle cells of small\nblood vessels (arterioles) and keeps them from\nnarrowing.\nCoronary arteries—The main arteries that provide\nblood to the heart. The coronary arteries surround\nthe heart like a crown, coming out of the aorta,\narching down over the top of the heart, and divid-\ning into two branches. These are the arteries in\nwhich coronary artery disease occurs.\nHDL cholesterol —High-density lipoprotein cho-']","Calcium channel blockers are medicines that slow the movement of calcium into the cells of the heart and blood vessels. This, in turn, relaxes blood vessels, increases the supply of oxygen-rich blood to the heart, and reduces the heart's workload.",0.19494584837545129,0.8021182417869568
Setup_Medical,What is Carbon Monoxide Poisoning?,"<think>
Okay, let's tackle this question. The user wants a concise answer to ""What is Carbon Monoxide Poisoning?"" using only the provided context. First, I need to extract the key points from the context.

The context mentions that CO is a toxic gas from incomplete combustion, found in sources like car exhaust, faulty heaters, etc. It interferes with oxygen transport in the blood, leading to symptoms like headache, nausea, and can cause death by asphyxiation. The diagnosis involves exposure to carbon-based fuels, affecting high-oxygen organs like the heart and brain. Symptoms are flu-like and can progress to severe issues. Treatment is removing from the source and using oxygen.

I need to structure this into 4-5 lines. Start with the definition, mention the cause (incomplete combustion), sources, how it affects the body (oxygen interference), symptoms, and maybe the treatment. Avoid any extra info not in the context. Let me check the context again to ensure I don't add anything. The prognosis part mentions recovery depending on exposure, but maybe that's not needed here. The answer should be clear and to the point, using the given info without fluff.
</think>

Carbon monoxide poisoning is a toxic condition caused by inhaling carbon monoxide, a colorless, odorless gas produced by incomplete combustion of carbon-based fuels (e.g., car exhaust, faulty heaters, fires). It impairs the blood's oxygen-carrying capacity, leading to symptoms like headache, nausea, dizziness, and potentially seizures, coma, or death by asphyxiation. Diagnosis involves exposure history and nonspecific flu-like symptoms, with severe cases affecting oxygen-dependent organs like the heart and brain. Immediate treatment includes removing the victim from the source and administering oxygen.","['highly poisonous gas that is produced by incomplete\ncombustion. It is found in automobile exhaust fumes,\nfaulty stoves and heating systems, fires, and cigarette\nsmoke. Other sources include woodburning stoves,\nkerosene heaters, improperly ventilated water heaters\nand gas stoves, and blocked or poorly maintained chim-\nney flues. CO interferes with the ability of the blood to\ncarry oxygen. The result is headache , nausea, convul-\nsions, and finally death by asphyxiation.\nDescription', 'Description\nCarbon monoxide, sometimes called coal gas, has\nbeen known as a toxic substance since the third century\nB.C. It was used for executions and suicides in early Rome.\nToday it is the leading cause of accidental poisoning in the\nUnited States. According to the Journal of the American\nMedical Association, 1,500 Americans die each year from\naccidental exposure to CO, and another 2,300 from inten-\ntional exposure (suicide). An additional 10,000 people']","Carbon monoxide (CO) poisoning occurs when carbon monoxide gas is inhaled. CO is a colorless, odorless, highly poisonous gas that is produced by incomplete combustion.",0.08163265306122447,0.7397275567054749
Setup_Medical,What characterizes Tinea Versicolor?,"<think>
Okay, let's tackle this question. The user is asking what characterizes Tinea Versicolor. I need to use the context provided, which is from ""Current Essentials of Medicine."" Let me look through the context again.

First, under the Tinea Versicolor section, there's the Essentials of Diagnosis. The key points there are finely scaling patches on the upper trunk and upper arms, usually asymptomatic. The lesions are described as yellowish or brownish on pale skin and hypopigmented on dark skin. The cause is Malassezia yeast. Microscopic examination with KOH shows short, thick hyphae and spores. Also, Wood’s light helps define the lesions.

The Differential Diagnosis includes seborrheic dermatitis and pityriasis rosea, but the question isn't about that. I need to focus on the characteristics of Tinea Versicolor itself. The answer should include the appearance (patches, scaling), location, color variations based on skin tone, causative agent, and diagnostic methods like KOH and Wood’s light. I should avoid mentioning the differential diagnoses unless necessary. Let me check if there's any other info in the context that's relevant. The rest of the context talks about other conditions like Filariasis, Friedreich’s ataxia, etc., which aren't related here. 

So the answer should be concise, 4-5 lines. Let me structure it: start with the main features (patches, scaling, location), color differences, cause, and diagnostic methods. Make sure to use the exact terms from the context like ""finely scaling,"" ""Malassezia,"" ""KOH examination,"" and ""Wood’s light."" Avoid any extra details not in the context. Let me put that together.
</think>

Tinea Versicolor is characterized by finely scaling patches on the upper trunk and upper arms, typically asymptomatic. Lesions appear yellowish or brownish on pale skin and hypopigmented on dark skin. It is caused by *Malassezia* yeast, with short, thick hyphae and spores visible on KOH examination. Wood’s light aids in delineating lesion extent.","['446 Current Essentials of Medicine\nTinea Versicolor (Pityriasis Versicolor)\n■ Essentials of Diagnosis\n• Finely scaling patches on upper trunk and upper arms, usually\nasymptomatic\n• Lesions yellowish or brownish on pale skin, or hypopigmented on\ndark skin\n• Caused by yeast of the genus Malassezia\n• Short, thick hyphae and large numbers of spores on microscopic\nKOH examination\n• Wood’s light helpful in deﬁning extent of lesions\n■ Differential Diagnosis\n• Seborrheic dermatitis\n• Pityriasis rosea', 'Chapter 15 Dermatologic Disorders 445\nTinea Corporis (Ringworm, Dermatophytosis)\n■ Essentials of Diagnosis\n• Single or multiple circular, sharply circumscribed, erythematous,\nscaly plaques with elevated borders and central clearing\n• Frequently involves neck, extremities, or trunk\n• A deep, papulopustular form affecting follicles (Majocchi’s gran-\nuloma) may occur\n• Other types affect face (tinea faciei), hands (tinea manuum), feet\n(tinea pedis), groin (tinea cruris), and scalp (tinea capitis)']","Finely scaling patches on upper trunk and upper arms, usually asymptomatic. Lesions yellowish or brownish on pale skin, or hypopigmented on dark skin.",0.11009174311926603,0.745053231716156
Setup_Medical,What characterizes Urticaria (Hives)?,"<think>
Okay, let's see. The user is asking about what characterizes urticaria, also known as hives. I need to use only the information provided in the context given.

Looking through the context, there's a section under ""Differential Diagnosis"" that lists several conditions, including urticaria. The ""Treatment"" section mentions treating acute urticaria with antihistamines and avoiding identified triggers. However, the main definition or characteristics of urticaria itself aren't explicitly detailed here. The context does mention that urticaria is part of a list of differential diagnoses for other conditions, which includes things like angioedema, physical urticarias, hypersensitivity reactions, etc. 

Wait, the context also has a section on cystitis and urinary tract infections, but that's probably not relevant here. The key parts are under the differential diagnosis and treatment sections. Since the question is about urticaria's characteristics, I need to infer based on the listed differential diagnoses. For example, physical urticarias are triggered by factors like pressure, cold, heat, etc. Also, the treatment with antihistamines suggests it's an allergic or immune-mediated reaction. The mention of urticarial vasculitis and other conditions implies that urticaria presents as hives, which are itchy, raised welts on the skin. 

But the context doesn't explicitly state the symptoms of urticaria. The user wants the answer based solely on the provided information. Since the treatment section says to treat with antihistamines and avoid triggers, and the differential diagnosis includes various types of urticaria (like physical urticarias), maybe the answer should focus on the treatment and triggers mentioned. However, the question is about what characterizes urticaria, so the answer should describe the typical symptoms. But since the context doesn't give a direct description, I might need to infer from the differential diagnoses listed. For example, the presence of hives as a symptom in those conditions. However, without explicit info, this is tricky. The safest approach is to state that urticaria is characterized by itchy, raised welts (hives) on the skin, as that's the standard definition, but since the context doesn't mention it, maybe I can't use that. Wait, the context does mention ""urticarial hypersensitivity reactions to insect bites"" and ""urticarial vasculitis,"" which implies that urticaria involves","['■ Differential Diagnosis\n• Hereditary or acquired complement-mediated angioedema\n• Physical urticarias (pressure, cold, heat, solar, vibratory, cholin-\nergic, aquagenic)\n• Urticarial hypersensitivity reactions to insect bites\n• Urticarial vasculitis\n• Bullous pemphigoid (urticarial phase)\n• Cutaneous mastocytosis\n• Erythema multiforme\n• Cryopyrin-associated periodic syndromes\n■ Treatment\n• Treat acute urticaria with antihistamines and avoid identiﬁed trig-', 'Exstrophy —Being turned inside out combined\nwith being outside the body.\nDiverticulum—A pouch extending from a hollow\norgan.\nRadiologist —A physician who specializes in cre-\nating images of the internal organs of the body.\nTeratogen—Any agent that can cause birth defects.\nUreter—The tube that transports urine from the\nkidney to the bladder.\nUreterovesical junction—The joining of the ureter\nto the bladder.\nUrologist—A surgeon who specializes in diseases\nof the urinary system.\nResources\nBOOKS']","Pale or red, evanescent, edematous papules or plaques surrounded by red halo with severe itching or stinging; wheals appear suddenly and resolve in hours.",0.026385224274406333,0.6521227955818176
Setup_Medical,What characterizes Vitiligo?,"<think>
Okay, let's tackle this question. The user is asking what characterizes Vitiligo. I need to use only the information provided in the context given.

Looking at the context, there's a section under ""Vitiligo"" with ""Essentials of Diagnosis."" The key points listed there are depigmented white patches with borders, hairs turning white in affected areas, and different forms like localized (focal, segmental, mucosal) and generalized (with subtypes like vulgaris and acrofacial). Also mentioned is the universal form affecting the entire body.

I need to make sure I don't include any other information from the context that's not related to Vitiligo. The other sections talk about different conditions like Chagas disease, Croup, and others, but those aren't relevant here. The answer should be concise, 4-5 lines, using the key points from the Vitiligo section. Let me structure it: mention the main features (white patches, borders, hair color change), then the different forms (localized types and generalized subtypes), and the universal form. Keep it clear and to the point without extra details.
</think>

Vitiligo is characterized by depigmented white patches with normal, hyperpigmented, or inflamed borders. Affected area hairs often turn white. Localized forms include focal, segmental, or mucosal types, while generalized forms (e.g., vulgaris with scattered patches, acrofacial affecting fingers/facial areas) are most common. The universal form involves near-complete body depigmentation.","['448 Current Essentials of Medicine\nVitiligo\n■ Essentials of Diagnosis\n• Depigmented white patches surrounded by a normal, hyperpig-\nmented, or occasionally inﬂamed border\n• Hairs in affected area usually turn white\n• Localized form may be focal, segmental, or mucosal\n• Generalized form most common; vulgaris subtype has widely\nscattered patches; acrofacial subtype affects distal ﬁngers and\nfacial oriﬁces\n• Universal form depigments entire body surface', 'tion manifests many years later\n• Unilateral bipalpebral or facial edema, conjunctivitis (Romaña’s sign)\n• Hard, edematous, erythematous, furuncle-like lesion with local\nlymphadenopathy (chagoma)\n• Cardiac disease with arrhythmias and right-sided congestive heart\nfailure; gastrointestinal disease characterized by megacolon or\nmegaesophagus\n• Trypanosomes in blood during acute phase of illness; serology or\nPCR during chronic phase of illness\n■ Differential Diagnosis\n• Trichinosis\n• Kala-azar']","Depigmented white patches surrounded by a normal, hyperpigmented, or occasionally inflamed border. Hairs in affected area usually turn white.",0.12552301255230125,0.7580704689025879
